0; 1000,00000;eval;1000,00000;1000,00000;1000,00000;1000,00000;1000,00000;1000,00000;;data;84 ;64 ;8244 ;9536 ;293 ;359 ;6111 ;201 ;114 ;108 ;26 ;138 ;107 ;69 ;-7 ;147 ;92 ;61 ;142 ;20 ;194 ;95 ;202 ;172 ;92 ;141 ;92 ;92 ;119 ;-1 ;103 ;16 ;46 ;82 ;113 ;44 ;97 ;139 ;180 ;100 ;110 ;92 ;129 ;154 ;124 ;110 ;78 ;36 ;176 ;32 ;102 ;126 ;75 ;83 ;64 ;76 ;62 ;134 ;150 ;59 ;67 ;125 ;125 ;165 ;127 ;94 ;84 ;211 ;168 ;111 ;69 ;47 ;103 ;98 ;144 ;83 ;54 ;7 ;76 ;var;30,00000; 36,00000; 11,00000; 84,00000; 9561,00000; 2229,00000; 3903,00000; 5246,00000; 2795,00000; 27,00000; 39,00000; 48,00000; 93,00000; 36,00000; 81,00000; 85,00000; 18,00000; 55,00000; 21,00000; 41,00000; 93,00000; 60,00000; 10,00000; 33,00000; 31,00000; 56,00000; 88,00000; 70,00000; 14,00000; 57,00000; 19,00000; 96,00000; 39,00000; 39,00000; 16,00000; 27,00000; 76,00000; 92,00000; 45,00000; 31,00000; 98,00000; 17,00000; 97,00000; 23,00000; 87,00000; 91,00000; 39,00000; 70,00000; 76,00000; 21,00000; 69,00000; 54,00000; 41,00000; 42,00000; 66,00000; 74,00000; 100,00000; 31,00000; 50,00000; 94,00000; 62,00000; 52,00000; 88,00000; 10,00000; 40,00000; 50,00000; 78,00000; 60,00000; 37,00000; 28,00000; 54,00000; 44,00000; 21,00000; 26,00000; 65,00000; 37,00000; 25,00000; 63,00000; 19,00000; 
1; 430,03167;eval;339,38000;520,23000;358,94000;479,46000;448,63000;433,55000;;data;102 ;23 ;8236 ;9584 ;281 ;362 ;7818 ;105 ;83 ;104 ;8 ;144 ;98 ;39 ;142 ;93 ;77 ;23 ;157 ;176 ;117 ;180 ;19 ;172 ;98 ;141 ;92 ;98 ;135 ;27 ;102 ;144 ;14 ;78 ;128 ;84 ;30 ;142 ;170 ;127 ;177 ;80 ;150 ;152 ;132 ;97 ;122 ;193 ;198 ;68 ;96 ;106 ;112 ;102 ;190 ;46 ;154 ;110 ;191 ;101 ;165 ;107 ;125 ;158 ;86 ;53 ;13 ;170 ;164 ;75 ;126 ;87 ;95 ;122 ;5 ;84 ;54 ;156 ;82 ;var;24,60000; 29,52000; 9,02000; 68,88000; 7840,02000; 1827,78000; 3200,46000; 4301,72000; 2291,90000; 22,14000; 31,98000; 39,36000; 76,26000; 29,52000; 66,42000; 69,70000; 14,76000; 45,10000; 17,22000; 33,62000; 76,26000; 49,20000; 8,20000; 27,06000; 25,42000; 45,92000; 72,16000; 57,40000; 11,48000; 46,74000; 15,58000; 78,72000; 31,98000; 31,98000; 13,12000; 22,14000; 62,32000; 75,44000; 36,90000; 25,42000; 80,36000; 13,94000; 79,54000; 18,86000; 71,34000; 74,62000; 31,98000; 57,40000; 62,32000; 17,22000; 56,58000; 44,28000; 33,62000; 34,44000; 54,12000; 60,68000; 82,00000; 25,42000; 41,00000; 77,08000; 50,84000; 42,64000; 72,16000; 8,20000; 32,80000; 41,00000; 63,96000; 49,20000; 30,34000; 22,96000; 44,28000; 36,08000; 17,22000; 21,32000; 53,30000; 30,34000; 20,50000; 51,66000; 15,58000; 
2; 430,03167;eval;339,38000;520,23000;358,94000;479,46000;448,63000;433,55000;;data;102 ;23 ;8236 ;9584 ;281 ;362 ;7818 ;105 ;83 ;104 ;8 ;144 ;98 ;39 ;142 ;93 ;77 ;23 ;157 ;176 ;117 ;180 ;19 ;172 ;98 ;141 ;92 ;98 ;135 ;27 ;102 ;144 ;14 ;78 ;128 ;84 ;30 ;142 ;170 ;127 ;177 ;80 ;150 ;152 ;132 ;97 ;122 ;193 ;198 ;68 ;96 ;106 ;112 ;102 ;190 ;46 ;154 ;110 ;191 ;101 ;165 ;107 ;125 ;158 ;86 ;53 ;13 ;170 ;164 ;75 ;126 ;87 ;95 ;122 ;5 ;84 ;54 ;156 ;82 ;var;20,17200; 24,20640; 7,39640; 56,48160; 6428,81640; 1498,77960; 2624,37720; 3527,41040; 1879,35800; 18,15480; 26,22360; 32,27520; 62,53320; 24,20640; 54,46440; 57,15400; 12,10320; 36,98200; 14,12040; 27,56840; 62,53320; 40,34400; 6,72400; 22,18920; 20,84440; 37,65440; 59,17120; 47,06800; 9,41360; 38,32680; 12,77560; 64,55040; 26,22360; 26,22360; 10,75840; 18,15480; 51,10240; 61,86080; 30,25800; 20,84440; 65,89520; 11,43080; 65,22280; 15,46520; 58,49880; 61,18840; 26,22360; 47,06800; 51,10240; 14,12040; 46,39560; 36,30960; 27,56840; 28,24080; 44,37840; 49,75760; 67,24000; 20,84440; 33,62000; 63,20560; 41,68880; 34,96480; 59,17120; 6,72400; 26,89600; 33,62000; 52,44720; 40,34400; 24,87880; 18,82720; 36,30960; 29,58560; 14,12040; 17,48240; 43,70600; 24,87880; 16,81000; 42,36120; 12,77560; 
3; 430,03167;eval;339,38000;520,23000;358,94000;479,46000;448,63000;433,55000;;data;102 ;23 ;8236 ;9584 ;281 ;362 ;7818 ;105 ;83 ;104 ;8 ;144 ;98 ;39 ;142 ;93 ;77 ;23 ;157 ;176 ;117 ;180 ;19 ;172 ;98 ;141 ;92 ;98 ;135 ;27 ;102 ;144 ;14 ;78 ;128 ;84 ;30 ;142 ;170 ;127 ;177 ;80 ;150 ;152 ;132 ;97 ;122 ;193 ;198 ;68 ;96 ;106 ;112 ;102 ;190 ;46 ;154 ;110 ;191 ;101 ;165 ;107 ;125 ;158 ;86 ;53 ;13 ;170 ;164 ;75 ;126 ;87 ;95 ;122 ;5 ;84 ;54 ;156 ;82 ;var;16,54104; 19,84925; 6,06505; 46,31491; 5271,62945; 1228,99927; 2151,98930; 2892,47653; 1541,07356; 14,88694; 21,50335; 26,46566; 51,27722; 19,84925; 44,66081; 46,86628; 9,92462; 30,32524; 11,57873; 22,60609; 51,27722; 33,08208; 5,51368; 18,19514; 17,09241; 30,87661; 48,52038; 38,59576; 7,71915; 31,42798; 10,47599; 52,93133; 21,50335; 21,50335; 8,82189; 14,88694; 41,90397; 50,72586; 24,81156; 17,09241; 54,03406; 9,37326; 53,48270; 12,68146; 47,96902; 50,17449; 21,50335; 38,59576; 41,90397; 11,57873; 38,04439; 29,77387; 22,60609; 23,15746; 36,39029; 40,80123; 55,13680; 17,09241; 27,56840; 51,82859; 34,18482; 28,67114; 48,52038; 5,51368; 22,05472; 27,56840; 43,00670; 33,08208; 20,40062; 15,43830; 29,77387; 24,26019; 11,57873; 14,33557; 35,83892; 20,40062; 13,78420; 34,73618; 10,47599; 
4; 430,03167;eval;339,38000;520,23000;358,94000;479,46000;448,63000;433,55000;;data;102 ;23 ;8236 ;9584 ;281 ;362 ;7818 ;105 ;83 ;104 ;8 ;144 ;98 ;39 ;142 ;93 ;77 ;23 ;157 ;176 ;117 ;180 ;19 ;172 ;98 ;141 ;92 ;98 ;135 ;27 ;102 ;144 ;14 ;78 ;128 ;84 ;30 ;142 ;170 ;127 ;177 ;80 ;150 ;152 ;132 ;97 ;122 ;193 ;198 ;68 ;96 ;106 ;112 ;102 ;190 ;46 ;154 ;110 ;191 ;101 ;165 ;107 ;125 ;158 ;86 ;53 ;13 ;170 ;164 ;75 ;126 ;87 ;95 ;122 ;5 ;84 ;54 ;156 ;82 ;var;13,56365; 16,27638; 4,97334; 37,97823; 4322,73615; 1007,77940; 1764,63123; 2371,83075; 1263,68032; 12,20729; 17,63275; 21,70184; 42,04732; 16,27638; 36,62186; 38,43035; 8,13819; 24,86670; 9,49456; 18,53699; 42,04732; 27,12731; 4,52122; 14,92002; 14,01577; 25,31882; 39,78671; 31,64852; 6,32970; 25,77094; 8,59031; 43,40369; 17,63275; 17,63275; 7,23395; 12,20729; 34,36125; 41,59520; 20,34548; 14,01577; 44,30793; 7,68607; 43,85581; 10,39880; 39,33459; 41,14308; 17,63275; 31,64852; 34,36125; 9,49456; 31,19640; 24,41458; 18,53699; 18,98911; 29,84004; 33,45701; 45,21218; 14,01577; 22,60609; 42,49945; 28,03155; 23,51033; 39,78671; 4,52122; 18,08487; 22,60609; 35,26550; 27,12731; 16,72851; 12,65941; 24,41458; 19,89336; 9,49456; 11,75517; 29,38791; 16,72851; 11,30304; 28,48367; 8,59031; 
5; 430,03167;eval;339,38000;520,23000;358,94000;479,46000;448,63000;433,55000;;data;102 ;23 ;8236 ;9584 ;281 ;362 ;7818 ;105 ;83 ;104 ;8 ;144 ;98 ;39 ;142 ;93 ;77 ;23 ;157 ;176 ;117 ;180 ;19 ;172 ;98 ;141 ;92 ;98 ;135 ;27 ;102 ;144 ;14 ;78 ;128 ;84 ;30 ;142 ;170 ;127 ;177 ;80 ;150 ;152 ;132 ;97 ;122 ;193 ;198 ;68 ;96 ;106 ;112 ;102 ;190 ;46 ;154 ;110 ;191 ;101 ;165 ;107 ;125 ;158 ;86 ;53 ;13 ;170 ;164 ;75 ;126 ;87 ;95 ;122 ;5 ;84 ;54 ;156 ;82 ;var;11,12220; 13,34663; 4,07814; 31,14215; 3544,64364; 826,37911; 1446,99761; 1944,90122; 1036,21786; 10,00998; 14,45885; 17,79551; 34,47881; 13,34663; 30,02993; 31,51289; 6,67332; 20,39069; 7,78554; 15,20033; 34,47881; 22,24439; 3,70740; 12,23441; 11,49294; 20,76143; 32,62511; 25,95179; 5,19036; 21,13217; 7,04406; 35,59102; 14,45885; 14,45885; 5,93184; 10,00998; 28,17623; 34,10807; 16,68329; 11,49294; 36,33250; 6,30258; 35,96176; 8,52702; 32,25437; 33,73733; 14,45885; 25,95179; 28,17623; 7,78554; 25,58105; 20,01995; 15,20033; 15,57107; 24,46883; 27,43475; 37,07398; 11,49294; 18,53699; 34,84955; 22,98587; 19,27847; 32,62511; 3,70740; 14,82959; 18,53699; 28,91771; 22,24439; 13,71737; 10,38072; 20,01995; 16,31255; 7,78554; 9,63924; 24,09809; 13,71737; 9,26850; 23,35661; 7,04406; 
6; 427,21667;eval;368,20000;375,81000;391,68000;483,28000;467,91000;476,42000;;data;108 ;20 ;8236 ;9539 ;265 ;439 ;7577 ;130 ;30 ;110 ;6 ;186 ;81 ;37 ;168 ;96 ;83 ;27 ;167 ;150 ;144 ;3 ;24 ;179 ;87 ;164 ;98 ;116 ;146 ;32 ;113 ;126 ;12 ;99 ;128 ;74 ;9 ;123 ;158 ;141 ;161 ;81 ;151 ;161 ;177 ;18 ;135 ;144 ;184 ;64 ;115 ;146 ;130 ;108 ;177 ;12 ;105 ;108 ;0 ;73 ;178 ;95 ;156 ;158 ;83 ;44 ;6 ;197 ;152 ;77 ;101 ;106 ;107 ;119 ;16 ;72 ;65 ;135 ;89 ;var;9,12020; 10,94424; 3,34407; 25,53656; 2906,60779; 677,63087; 1186,53804; 1594,81900; 849,69865; 8,20818; 11,85626; 14,59232; 28,27262; 10,94424; 24,62454; 25,84057; 5,47212; 16,72037; 6,38414; 12,46427; 28,27262; 18,24040; 3,04007; 10,03222; 9,42421; 17,02437; 26,75259; 21,28047; 4,25609; 17,32838; 5,77613; 29,18464; 11,85626; 11,85626; 4,86411; 8,20818; 23,10451; 27,96861; 13,68030; 9,42421; 29,79265; 5,16811; 29,48865; 6,99215; 26,44858; 27,66461; 11,85626; 21,28047; 23,10451; 6,38414; 20,97646; 16,41636; 12,46427; 12,76828; 20,06444; 22,49649; 30,40067; 9,42421; 15,20033; 28,57663; 18,84841; 15,80835; 26,75259; 3,04007; 12,16027; 15,20033; 23,71252; 18,24040; 11,24825; 8,51219; 16,41636; 13,37629; 6,38414; 7,90417; 19,76043; 11,24825; 7,60017; 19,15242; 5,77613; 
7; 427,21667;eval;368,20000;375,81000;391,68000;483,28000;467,91000;476,42000;;data;108 ;20 ;8236 ;9539 ;265 ;439 ;7577 ;130 ;30 ;110 ;6 ;186 ;81 ;37 ;168 ;96 ;83 ;27 ;167 ;150 ;144 ;3 ;24 ;179 ;87 ;164 ;98 ;116 ;146 ;32 ;113 ;126 ;12 ;99 ;128 ;74 ;9 ;123 ;158 ;141 ;161 ;81 ;151 ;161 ;177 ;18 ;135 ;144 ;184 ;64 ;115 ;146 ;130 ;108 ;177 ;12 ;105 ;108 ;0 ;73 ;178 ;95 ;156 ;158 ;83 ;44 ;6 ;197 ;152 ;77 ;101 ;106 ;107 ;119 ;16 ;72 ;65 ;135 ;89 ;var;7,47856; 8,97428; 2,74214; 20,93998; 2383,41838; 555,65731; 972,96119; 1307,75158; 696,75289; 6,73071; 9,72213; 11,96570; 23,18355; 8,97428; 20,19212; 21,18926; 4,48714; 13,71070; 5,23499; 10,22070; 23,18355; 14,95713; 2,49285; 8,22642; 7,72785; 13,95999; 21,93712; 17,44998; 3,49000; 14,20927; 4,73642; 23,93141; 9,72213; 9,72213; 3,98857; 6,73071; 18,94570; 22,93426; 11,21785; 7,72785; 24,42998; 4,23785; 24,18069; 5,73357; 21,68784; 22,68498; 9,72213; 17,44998; 18,94570; 5,23499; 17,20070; 13,46142; 10,22070; 10,46999; 16,45284; 18,44712; 24,92855; 7,72785; 12,46427; 23,43283; 15,45570; 12,96284; 21,93712; 2,49285; 9,97142; 12,46427; 19,44427; 14,95713; 9,22356; 6,97999; 13,46142; 10,96856; 5,23499; 6,48142; 16,20356; 9,22356; 6,23214; 15,70498; 4,73642; 
8; 427,21667;eval;368,20000;375,81000;391,68000;483,28000;467,91000;476,42000;;data;108 ;20 ;8236 ;9539 ;265 ;439 ;7577 ;130 ;30 ;110 ;6 ;186 ;81 ;37 ;168 ;96 ;83 ;27 ;167 ;150 ;144 ;3 ;24 ;179 ;87 ;164 ;98 ;116 ;146 ;32 ;113 ;126 ;12 ;99 ;128 ;74 ;9 ;123 ;158 ;141 ;161 ;81 ;151 ;161 ;177 ;18 ;135 ;144 ;184 ;64 ;115 ;146 ;130 ;108 ;177 ;12 ;105 ;108 ;0 ;73 ;178 ;95 ;156 ;158 ;83 ;44 ;6 ;197 ;152 ;77 ;101 ;106 ;107 ;119 ;16 ;72 ;65 ;135 ;89 ;var;6,13242; 7,35891; 2,24855; 17,17078; 1954,40307; 455,63900; 797,82818; 1072,35629; 571,33737; 5,51918; 7,97215; 9,81188; 19,01051; 7,35891; 16,55754; 17,37520; 3,67945; 11,24277; 4,29270; 8,38098; 19,01051; 12,26485; 2,04414; 6,74566; 6,33684; 11,44719; 17,98844; 14,30899; 2,86180; 11,65160; 3,88387; 19,62375; 7,97215; 7,97215; 3,27063; 5,51918; 15,53547; 18,80610; 9,19863; 6,33684; 20,03258; 3,47504; 19,82817; 4,70152; 17,78403; 18,60168; 7,97215; 14,30899; 15,53547; 4,29270; 14,10457; 11,03836; 8,38098; 8,58539; 13,49133; 15,12664; 20,44141; 6,33684; 10,22070; 19,21492; 12,67367; 10,62953; 17,98844; 2,04414; 8,17656; 10,22070; 15,94430; 12,26485; 7,56332; 5,72359; 11,03836; 8,99422; 4,29270; 5,31477; 13,28692; 7,56332; 5,11035; 12,87809; 3,88387; 
9; 427,21667;eval;368,20000;375,81000;391,68000;483,28000;467,91000;476,42000;;data;108 ;20 ;8236 ;9539 ;265 ;439 ;7577 ;130 ;30 ;110 ;6 ;186 ;81 ;37 ;168 ;96 ;83 ;27 ;167 ;150 ;144 ;3 ;24 ;179 ;87 ;164 ;98 ;116 ;146 ;32 ;113 ;126 ;12 ;99 ;128 ;74 ;9 ;123 ;158 ;141 ;161 ;81 ;151 ;161 ;177 ;18 ;135 ;144 ;184 ;64 ;115 ;146 ;130 ;108 ;177 ;12 ;105 ;108 ;0 ;73 ;178 ;95 ;156 ;158 ;83 ;44 ;6 ;197 ;152 ;77 ;101 ;106 ;107 ;119 ;16 ;72 ;65 ;135 ;89 ;var;5,02859; 6,03430; 1,84382; 14,08004; 1602,61052; 373,62398; 654,21911; 879,33216; 468,49664; 4,52573; 6,53716; 8,04574; 15,58862; 6,03430; 13,57718; 14,24766; 3,01715; 9,21908; 3,52001; 6,87240; 15,58862; 10,05717; 1,67620; 5,53145; 5,19621; 9,38669; 14,75052; 11,73337; 2,34667; 9,55431; 3,18477; 16,09148; 6,53716; 6,53716; 2,68191; 4,52573; 12,73909; 15,42100; 7,54288; 5,19621; 16,42672; 2,84953; 16,25910; 3,85525; 14,58290; 15,25338; 6,53716; 11,73337; 12,73909; 3,52001; 11,56575; 9,05146; 6,87240; 7,04002; 11,06289; 12,40385; 16,76196; 5,19621; 8,38098; 15,75624; 10,39241; 8,71622; 14,75052; 1,67620; 6,70478; 8,38098; 13,07432; 10,05717; 6,20192; 4,69335; 9,05146; 7,37526; 3,52001; 4,35811; 10,89527; 6,20192; 4,19049; 10,56003; 3,18477; 
10; 427,21667;eval;368,20000;375,81000;391,68000;483,28000;467,91000;476,42000;;data;108 ;20 ;8236 ;9539 ;265 ;439 ;7577 ;130 ;30 ;110 ;6 ;186 ;81 ;37 ;168 ;96 ;83 ;27 ;167 ;150 ;144 ;3 ;24 ;179 ;87 ;164 ;98 ;116 ;146 ;32 ;113 ;126 ;12 ;99 ;128 ;74 ;9 ;123 ;158 ;141 ;161 ;81 ;151 ;161 ;177 ;18 ;135 ;144 ;184 ;64 ;115 ;146 ;130 ;108 ;177 ;12 ;105 ;108 ;0 ;73 ;178 ;95 ;156 ;158 ;83 ;44 ;6 ;197 ;152 ;77 ;101 ;106 ;107 ;119 ;16 ;72 ;65 ;135 ;89 ;var;4,12344; 4,94813; 1,51193; 11,54563; 1314,14063; 306,37166; 536,45967; 721,05237; 384,16725; 3,71110; 5,36047; 6,59751; 12,78267; 4,94813; 11,13329; 11,68308; 2,47406; 7,55964; 2,88641; 5,63537; 12,78267; 8,24688; 1,37448; 4,53579; 4,26089; 7,69709; 12,09543; 9,62136; 1,92427; 7,83454; 2,61151; 13,19501; 5,36047; 5,36047; 2,19917; 3,71110; 10,44605; 12,64522; 6,18516; 4,26089; 13,46991; 2,33662; 13,33246; 3,16130; 11,95798; 12,50777; 5,36047; 9,62136; 10,44605; 2,88641; 9,48391; 7,42219; 5,63537; 5,77282; 9,07157; 10,17115; 13,74480; 4,26089; 6,87240; 12,92011; 8,52178; 7,14730; 12,09543; 1,37448; 5,49792; 6,87240; 10,72095; 8,24688; 5,08558; 3,84854; 7,42219; 6,04771; 2,88641; 3,57365; 8,93412; 5,08558; 3,43620; 8,65923; 2,61151; 
11; 427,21667;eval;368,20000;375,81000;391,68000;483,28000;467,91000;476,42000;;data;108 ;20 ;8236 ;9539 ;265 ;439 ;7577 ;130 ;30 ;110 ;6 ;186 ;81 ;37 ;168 ;96 ;83 ;27 ;167 ;150 ;144 ;3 ;24 ;179 ;87 ;164 ;98 ;116 ;146 ;32 ;113 ;126 ;12 ;99 ;128 ;74 ;9 ;123 ;158 ;141 ;161 ;81 ;151 ;161 ;177 ;18 ;135 ;144 ;184 ;64 ;115 ;146 ;130 ;108 ;177 ;12 ;105 ;108 ;0 ;73 ;178 ;95 ;156 ;158 ;83 ;44 ;6 ;197 ;152 ;77 ;101 ;106 ;107 ;119 ;16 ;72 ;65 ;135 ;89 ;var;3,38122; 4,05747; 1,23978; 9,46742; 1077,59531; 251,22476; 439,89693; 591,26295; 315,01714; 3,04310; 4,39559; 5,40995; 10,48179; 4,05747; 9,12930; 9,58013; 2,02873; 6,19891; 2,36686; 4,62100; 10,48179; 6,76244; 1,12707; 3,71934; 3,49393; 6,31161; 9,91825; 7,88952; 1,57790; 6,42432; 2,14144; 10,81991; 4,39559; 4,39559; 1,80332; 3,04310; 8,56576; 10,36908; 5,07183; 3,49393; 11,04532; 1,91603; 10,93262; 2,59227; 9,80554; 10,25637; 4,39559; 7,88952; 8,56576; 2,36686; 7,77681; 6,08620; 4,62100; 4,73371; 7,43869; 8,34035; 11,27074; 3,49393; 5,63537; 10,59449; 6,98786; 5,86078; 9,91825; 1,12707; 4,50830; 5,63537; 8,79118; 6,76244; 4,17017; 3,15581; 6,08620; 4,95912; 2,36686; 2,93039; 7,32598; 4,17017; 2,81768; 7,10057; 2,14144; 
12; 427,21667;eval;368,20000;375,81000;391,68000;483,28000;467,91000;476,42000;;data;108 ;20 ;8236 ;9539 ;265 ;439 ;7577 ;130 ;30 ;110 ;6 ;186 ;81 ;37 ;168 ;96 ;83 ;27 ;167 ;150 ;144 ;3 ;24 ;179 ;87 ;164 ;98 ;116 ;146 ;32 ;113 ;126 ;12 ;99 ;128 ;74 ;9 ;123 ;158 ;141 ;161 ;81 ;151 ;161 ;177 ;18 ;135 ;144 ;184 ;64 ;115 ;146 ;130 ;108 ;177 ;12 ;105 ;108 ;0 ;73 ;178 ;95 ;156 ;158 ;83 ;44 ;6 ;197 ;152 ;77 ;101 ;106 ;107 ;119 ;16 ;72 ;65 ;135 ;89 ;var;2,77260; 3,32712; 1,01662; 7,76328; 883,62816; 206,00431; 360,71548; 484,83562; 258,31406; 2,49534; 3,60438; 4,43616; 8,59507; 3,32712; 7,48602; 7,85570; 1,66356; 5,08310; 1,94082; 3,78922; 8,59507; 5,54520; 0,92420; 3,04986; 2,86502; 5,17552; 8,13296; 6,46940; 1,29388; 5,26794; 1,75598; 8,87233; 3,60438; 3,60438; 1,47872; 2,49534; 7,02392; 8,50265; 4,15890; 2,86502; 9,05717; 1,57114; 8,96475; 2,12566; 8,04054; 8,41023; 3,60438; 6,46940; 7,02392; 1,94082; 6,37698; 4,99068; 3,78922; 3,88164; 6,09972; 6,83908; 9,24201; 2,86502; 4,62100; 8,68749; 5,73004; 4,80584; 8,13296; 0,92420; 3,69680; 4,62100; 7,20876; 5,54520; 3,41954; 2,58776; 4,99068; 4,06648; 1,94082; 2,40292; 6,00730; 3,41954; 2,31050; 5,82246; 1,75598; 
13; 427,21667;eval;368,20000;375,81000;391,68000;483,28000;467,91000;476,42000;;data;108 ;20 ;8236 ;9539 ;265 ;439 ;7577 ;130 ;30 ;110 ;6 ;186 ;81 ;37 ;168 ;96 ;83 ;27 ;167 ;150 ;144 ;3 ;24 ;179 ;87 ;164 ;98 ;116 ;146 ;32 ;113 ;126 ;12 ;99 ;128 ;74 ;9 ;123 ;158 ;141 ;161 ;81 ;151 ;161 ;177 ;18 ;135 ;144 ;184 ;64 ;115 ;146 ;130 ;108 ;177 ;12 ;105 ;108 ;0 ;73 ;178 ;95 ;156 ;158 ;83 ;44 ;6 ;197 ;152 ;77 ;101 ;106 ;107 ;119 ;16 ;72 ;65 ;135 ;89 ;var;2,27353; 2,72824; 0,83363; 6,36589; 724,57509; 168,92353; 295,78669; 397,56520; 211,81753; 2,04618; 2,95559; 3,63765; 7,04795; 2,72824; 6,13854; 6,44168; 1,36412; 4,16814; 1,59147; 3,10716; 7,04795; 4,54707; 0,75784; 2,50089; 2,34932; 4,24393; 6,66903; 5,30491; 1,06098; 4,31971; 1,43990; 7,27531; 2,95559; 2,95559; 1,21255; 2,04618; 5,75962; 6,97217; 3,41030; 2,34932; 7,42688; 1,28834; 7,35109; 1,74304; 6,59325; 6,89638; 2,95559; 5,30491; 5,75962; 1,59147; 5,22913; 4,09236; 3,10716; 3,18295; 5,00177; 5,60805; 7,57844; 2,34932; 3,78922; 7,12374; 4,69864; 3,94079; 6,66903; 0,75784; 3,03138; 3,78922; 5,91119; 4,54707; 2,80402; 2,12196; 4,09236; 3,33452; 1,59147; 1,97040; 4,92599; 2,80402; 1,89461; 4,77442; 1,43990; 
14; 427,21667;eval;368,20000;375,81000;391,68000;483,28000;467,91000;476,42000;;data;108 ;20 ;8236 ;9539 ;265 ;439 ;7577 ;130 ;30 ;110 ;6 ;186 ;81 ;37 ;168 ;96 ;83 ;27 ;167 ;150 ;144 ;3 ;24 ;179 ;87 ;164 ;98 ;116 ;146 ;32 ;113 ;126 ;12 ;99 ;128 ;74 ;9 ;123 ;158 ;141 ;161 ;81 ;151 ;161 ;177 ;18 ;135 ;144 ;184 ;64 ;115 ;146 ;130 ;108 ;177 ;12 ;105 ;108 ;0 ;73 ;178 ;95 ;156 ;158 ;83 ;44 ;6 ;197 ;152 ;77 ;101 ;106 ;107 ;119 ;16 ;72 ;65 ;135 ;89 ;var;1,86430; 2,23716; 0,68358; 5,22003; 594,15157; 138,51729; 242,54509; 326,00347; 173,69037; 1,67787; 2,42359; 2,98288; 5,77932; 2,23716; 5,03360; 5,28218; 1,11858; 3,41788; 1,30501; 2,54787; 5,77932; 3,72859; 0,62143; 2,05073; 1,92644; 3,48002; 5,46861; 4,35003; 0,87001; 3,54217; 1,18072; 5,96575; 2,42359; 2,42359; 0,99429; 1,67787; 4,72289; 5,71718; 2,79645; 1,92644; 6,09004; 1,05644; 6,02789; 1,42929; 5,40646; 5,65504; 2,42359; 4,35003; 4,72289; 1,30501; 4,28788; 3,35574; 2,54787; 2,61002; 4,10145; 4,59860; 6,21432; 1,92644; 3,10716; 5,84147; 3,85288; 3,23145; 5,46861; 0,62143; 2,48573; 3,10716; 4,84717; 3,72859; 2,29930; 1,74001; 3,35574; 2,73430; 1,30501; 1,61572; 4,03931; 2,29930; 1,55358; 3,91502; 1,18072; 
15; 425,19667;eval;340,47000;514,48000;365,73000;440,48000;370,93000;519,09000;;data;108 ;19 ;8236 ;9537 ;546 ;390 ;7521 ;182 ;184 ;106 ;7 ;180 ;86 ;37 ;155 ;101 ;83 ;22 ;167 ;150 ;146 ;3 ;26 ;177 ;87 ;164 ;92 ;114 ;146 ;33 ;112 ;126 ;12 ;98 ;128 ;73 ;10 ;129 ;157 ;140 ;167 ;81 ;148 ;160 ;176 ;18 ;133 ;141 ;180 ;64 ;114 ;146 ;128 ;108 ;174 ;7 ;118 ;114 ;198 ;77 ;176 ;93 ;155 ;158 ;84 ;42 ;1 ;197 ;158 ;76 ;108 ;103 ;107 ;119 ;17 ;73 ;66 ;135 ;89 ;var;1,52872; 1,83447; 0,56053; 4,28043; 487,20429; 113,58418; 198,88697; 267,32284; 142,42611; 1,37585; 1,98734; 2,44596; 4,73904; 1,83447; 4,12755; 4,33138; 0,91723; 2,80266; 1,07011; 2,08926; 4,73904; 3,05745; 0,50957; 1,68160; 1,57968; 2,85362; 4,48426; 3,56702; 0,71340; 2,90458; 0,96819; 4,89192; 1,98734; 1,98734; 0,81532; 1,37585; 3,87277; 4,68809; 2,29309; 1,57968; 4,99383; 0,86628; 4,94287; 1,17202; 4,43330; 4,63713; 1,98734; 3,56702; 3,87277; 1,07011; 3,51606; 2,75170; 2,08926; 2,14021; 3,36319; 3,77085; 5,09575; 1,57968; 2,54787; 4,79000; 3,15936; 2,64979; 4,48426; 0,50957; 2,03830; 2,54787; 3,97468; 3,05745; 1,88543; 1,42681; 2,75170; 2,24213; 1,07011; 1,32489; 3,31224; 1,88543; 1,27394; 3,21032; 0,96819; 
16; 398,17833;eval;335,91000;483,70000;325,96000;404,54000;376,02000;462,94000;;data;108 ;19 ;8236 ;9541 ;361 ;570 ;7702 ;197 ;25 ;106 ;5 ;178 ;86 ;37 ;147 ;98 ;83 ;23 ;167 ;151 ;148 ;3 ;27 ;177 ;87 ;164 ;90 ;120 ;147 ;33 ;112 ;125 ;14 ;95 ;128 ;73 ;10 ;129 ;158 ;142 ;163 ;81 ;154 ;160 ;173 ;11 ;132 ;142 ;178 ;67 ;114 ;151 ;127 ;110 ;174 ;6 ;112 ;114 ;197 ;69 ;177 ;95 ;156 ;158 ;85 ;40 ;6 ;197 ;155 ;75 ;104 ;101 ;109 ;117 ;20 ;76 ;67 ;134 ;89 ;var;1,25355; 1,50426; 0,45964; 3,50995; 399,50752; 93,13903; 163,08732; 219,20473; 116,78941; 1,12820; 1,62962; 2,00569; 3,88602; 1,50426; 3,38459; 3,55174; 0,75213; 2,29818; 0,87749; 1,71319; 3,88602; 2,50711; 0,41785; 1,37891; 1,29534; 2,33997; 3,67709; 2,92496; 0,58499; 2,38175; 0,79392; 4,01137; 1,62962; 1,62962; 0,66856; 1,12820; 3,17567; 3,84423; 1,88033; 1,29534; 4,09494; 0,71035; 4,05316; 0,96106; 3,63531; 3,80245; 1,62962; 2,92496; 3,17567; 0,87749; 2,88317; 2,25640; 1,71319; 1,75497; 2,75782; 3,09210; 4,17851; 1,29534; 2,08926; 3,92780; 2,59068; 2,17283; 3,67709; 0,41785; 1,67140; 2,08926; 3,25924; 2,50711; 1,54605; 1,16998; 2,25640; 1,83855; 0,87749; 1,08641; 2,71603; 1,54605; 1,04463; 2,63246; 0,79392; 
17; 398,17833;eval;335,91000;483,70000;325,96000;404,54000;376,02000;462,94000;;data;108 ;19 ;8236 ;9541 ;361 ;570 ;7702 ;197 ;25 ;106 ;5 ;178 ;86 ;37 ;147 ;98 ;83 ;23 ;167 ;151 ;148 ;3 ;27 ;177 ;87 ;164 ;90 ;120 ;147 ;33 ;112 ;125 ;14 ;95 ;128 ;73 ;10 ;129 ;158 ;142 ;163 ;81 ;154 ;160 ;173 ;11 ;132 ;142 ;178 ;67 ;114 ;151 ;127 ;110 ;174 ;6 ;112 ;114 ;197 ;69 ;177 ;95 ;156 ;158 ;85 ;40 ;6 ;197 ;155 ;75 ;104 ;101 ;109 ;117 ;20 ;76 ;67 ;134 ;89 ;var;1,02791; 1,23350; 0,37690; 2,87816; 327,59616; 76,37400; 133,73160; 179,74788; 95,76731; 0,92512; 1,33629; 1,64466; 3,18653; 1,23350; 2,77537; 2,91242; 0,61675; 1,88451; 0,71954; 1,40482; 3,18653; 2,05583; 0,34264; 1,13071; 1,06218; 1,91877; 3,01521; 2,39847; 0,47969; 1,95304; 0,65101; 3,28932; 1,33629; 1,33629; 0,54822; 0,92512; 2,60405; 3,15227; 1,54187; 1,06218; 3,35785; 0,58248; 3,32359; 0,78807; 2,98095; 3,11801; 1,33629; 2,39847; 2,60405; 0,71954; 2,36420; 1,85025; 1,40482; 1,43908; 2,26141; 2,53552; 3,42638; 1,06218; 1,71319; 3,22080; 2,12436; 1,78172; 3,01521; 0,34264; 1,37055; 1,71319; 2,67258; 2,05583; 1,26776; 0,95939; 1,85025; 1,50761; 0,71954; 0,89086; 2,22715; 1,26776; 0,85659; 2,15862; 0,65101; 
18; 398,17833;eval;335,91000;483,70000;325,96000;404,54000;376,02000;462,94000;;data;108 ;19 ;8236 ;9541 ;361 ;570 ;7702 ;197 ;25 ;106 ;5 ;178 ;86 ;37 ;147 ;98 ;83 ;23 ;167 ;151 ;148 ;3 ;27 ;177 ;87 ;164 ;90 ;120 ;147 ;33 ;112 ;125 ;14 ;95 ;128 ;73 ;10 ;129 ;158 ;142 ;163 ;81 ;154 ;160 ;173 ;11 ;132 ;142 ;178 ;67 ;114 ;151 ;127 ;110 ;174 ;6 ;112 ;114 ;197 ;69 ;177 ;95 ;156 ;158 ;85 ;40 ;6 ;197 ;155 ;75 ;104 ;101 ;109 ;117 ;20 ;76 ;67 ;134 ;89 ;var;0,84289; 1,01147; 0,30906; 2,36009; 268,62886; 62,62668; 109,65991; 147,39326; 78,52920; 0,75860; 1,09576; 1,34862; 2,61296; 1,01147; 2,27580; 2,38819; 0,50573; 1,54530; 0,59002; 1,15195; 2,61296; 1,68578; 0,28096; 0,92718; 0,87099; 1,57339; 2,47248; 1,96674; 0,39335; 1,60149; 0,53383; 2,69725; 1,09576; 1,09576; 0,44954; 0,75860; 2,13532; 2,58486; 1,26433; 0,87099; 2,75344; 0,47764; 2,72534; 0,64622; 2,44438; 2,55676; 1,09576; 1,96674; 2,13532; 0,59002; 1,93865; 1,51720; 1,15195; 1,18005; 1,85436; 2,07913; 2,80963; 0,87099; 1,40482; 2,64105; 1,74197; 1,46101; 2,47248; 0,28096; 1,12385; 1,40482; 2,19151; 1,68578; 1,03956; 0,78670; 1,51720; 1,23624; 0,59002; 0,73050; 1,82626; 1,03956; 0,70241; 1,77007; 0,53383; 
19; 398,17833;eval;335,91000;483,70000;325,96000;404,54000;376,02000;462,94000;;data;108 ;19 ;8236 ;9541 ;361 ;570 ;7702 ;197 ;25 ;106 ;5 ;178 ;86 ;37 ;147 ;98 ;83 ;23 ;167 ;151 ;148 ;3 ;27 ;177 ;87 ;164 ;90 ;120 ;147 ;33 ;112 ;125 ;14 ;95 ;128 ;73 ;10 ;129 ;158 ;142 ;163 ;81 ;154 ;160 ;173 ;11 ;132 ;142 ;178 ;67 ;114 ;151 ;127 ;110 ;174 ;6 ;112 ;114 ;197 ;69 ;177 ;95 ;156 ;158 ;85 ;40 ;6 ;197 ;155 ;75 ;104 ;101 ;109 ;117 ;20 ;76 ;67 ;134 ;89 ;var;0,69117; 0,82940; 0,25343; 1,93527; 220,27566; 51,35388; 89,92113; 120,86247; 64,39394; 0,62205; 0,89852; 1,10587; 2,14262; 0,82940; 1,86616; 1,95831; 0,41470; 1,26714; 0,48382; 0,94460; 2,14262; 1,38234; 0,23039; 0,76029; 0,71421; 1,29018; 2,02743; 1,61273; 0,32255; 1,31322; 0,43774; 2,21174; 0,89852; 0,89852; 0,36862; 0,62205; 1,75096; 2,11959; 1,03675; 0,71421; 2,25782; 0,39166; 2,23478; 0,52990; 2,00439; 2,09655; 0,89852; 1,61273; 1,75096; 0,48382; 1,58969; 1,24410; 0,94460; 0,96764; 1,52057; 1,70488; 2,30390; 0,71421; 1,15195; 2,16566; 1,42842; 1,19803; 2,02743; 0,23039; 0,92156; 1,15195; 1,79704; 1,38234; 0,85244; 0,64509; 1,24410; 1,01371; 0,48382; 0,59901; 1,49753; 0,85244; 0,57597; 1,45146; 0,43774; 
20; 398,17833;eval;335,91000;483,70000;325,96000;404,54000;376,02000;462,94000;;data;108 ;19 ;8236 ;9541 ;361 ;570 ;7702 ;197 ;25 ;106 ;5 ;178 ;86 ;37 ;147 ;98 ;83 ;23 ;167 ;151 ;148 ;3 ;27 ;177 ;87 ;164 ;90 ;120 ;147 ;33 ;112 ;125 ;14 ;95 ;128 ;73 ;10 ;129 ;158 ;142 ;163 ;81 ;154 ;160 ;173 ;11 ;132 ;142 ;178 ;67 ;114 ;151 ;127 ;110 ;174 ;6 ;112 ;114 ;197 ;69 ;177 ;95 ;156 ;158 ;85 ;40 ;6 ;197 ;155 ;75 ;104 ;101 ;109 ;117 ;20 ;76 ;67 ;134 ;89 ;var;0,56676; 0,68011; 0,20781; 1,58692; 180,62604; 42,11018; 73,73533; 99,10723; 52,80303; 0,51008; 0,73679; 0,90681; 1,75695; 0,68011; 1,53025; 1,60582; 0,34006; 1,03906; 0,39673; 0,77457; 1,75695; 1,13352; 0,18892; 0,62343; 0,58565; 1,05795; 1,66249; 1,32244; 0,26449; 1,07684; 0,35895; 1,81363; 0,73679; 0,73679; 0,30227; 0,51008; 1,43579; 1,73806; 0,85014; 0,58565; 1,85141; 0,32116; 1,83252; 0,43452; 1,64360; 1,71917; 0,73679; 1,32244; 1,43579; 0,39673; 1,30355; 1,02017; 0,77457; 0,79346; 1,24687; 1,39801; 1,88920; 0,58565; 0,94460; 1,77584; 1,17130; 0,98238; 1,66249; 0,18892; 0,75568; 0,94460; 1,47357; 1,13352; 0,69900; 0,52897; 1,02017; 0,83125; 0,39673; 0,49119; 1,22798; 0,69900; 0,47230; 1,19019; 0,35895; 
21; 398,17833;eval;335,91000;483,70000;325,96000;404,54000;376,02000;462,94000;;data;108 ;19 ;8236 ;9541 ;361 ;570 ;7702 ;197 ;25 ;106 ;5 ;178 ;86 ;37 ;147 ;98 ;83 ;23 ;167 ;151 ;148 ;3 ;27 ;177 ;87 ;164 ;90 ;120 ;147 ;33 ;112 ;125 ;14 ;95 ;128 ;73 ;10 ;129 ;158 ;142 ;163 ;81 ;154 ;160 ;173 ;11 ;132 ;142 ;178 ;67 ;114 ;151 ;127 ;110 ;174 ;6 ;112 ;114 ;197 ;69 ;177 ;95 ;156 ;158 ;85 ;40 ;6 ;197 ;155 ;75 ;104 ;101 ;109 ;117 ;20 ;76 ;67 ;134 ;89 ;var;0,46474; 0,55769; 0,17041; 1,30128; 148,11335; 34,53035; 60,46297; 81,26793; 43,29849; 0,41827; 0,60416; 0,74359; 1,44070; 0,55769; 1,25480; 1,31677; 0,27885; 0,85203; 0,32532; 0,63515; 1,44070; 0,92948; 0,15491; 0,51122; 0,48023; 0,86752; 1,36324; 1,08440; 0,21688; 0,88301; 0,29434; 1,48718; 0,60416; 0,60416; 0,24786; 0,41827; 1,17735; 1,42521; 0,69711; 0,48023; 1,51816; 0,26335; 1,50267; 0,35630; 1,34775; 1,40972; 0,60416; 1,08440; 1,17735; 0,32532; 1,06891; 0,83654; 0,63515; 0,65064; 1,02243; 1,14636; 1,54914; 0,48023; 0,77457; 1,45619; 0,96047; 0,80555; 1,36324; 0,15491; 0,61966; 0,77457; 1,20833; 0,92948; 0,57318; 0,43376; 0,83654; 0,68162; 0,32532; 0,40278; 1,00694; 0,57318; 0,38729; 0,97596; 0,29434; 
22; 398,17833;eval;335,91000;483,70000;325,96000;404,54000;376,02000;462,94000;;data;108 ;19 ;8236 ;9541 ;361 ;570 ;7702 ;197 ;25 ;106 ;5 ;178 ;86 ;37 ;147 ;98 ;83 ;23 ;167 ;151 ;148 ;3 ;27 ;177 ;87 ;164 ;90 ;120 ;147 ;33 ;112 ;125 ;14 ;95 ;128 ;73 ;10 ;129 ;158 ;142 ;163 ;81 ;154 ;160 ;173 ;11 ;132 ;142 ;178 ;67 ;114 ;151 ;127 ;110 ;174 ;6 ;112 ;114 ;197 ;69 ;177 ;95 ;156 ;158 ;85 ;40 ;6 ;197 ;155 ;75 ;104 ;101 ;109 ;117 ;20 ;76 ;67 ;134 ;89 ;var;0,38109; 0,45731; 0,13973; 1,06705; 121,45295; 28,31489; 49,57963; 66,63970; 35,50476; 0,34298; 0,49542; 0,60974; 1,18137; 0,45731; 1,02894; 1,07975; 0,22865; 0,69866; 0,26676; 0,52082; 1,18137; 0,76218; 0,12703; 0,41920; 0,39379; 0,71137; 1,11786; 0,88921; 0,17784; 0,72407; 0,24136; 1,21948; 0,49542; 0,49542; 0,20325; 0,34298; 0,96542; 1,16867; 0,57163; 0,39379; 1,24489; 0,21595; 1,23219; 0,29217; 1,10516; 1,15597; 0,49542; 0,88921; 0,96542; 0,26676; 0,87650; 0,68596; 0,52082; 0,53352; 0,83840; 0,94002; 1,27030; 0,39379; 0,63515; 1,19408; 0,78758; 0,66055; 1,11786; 0,12703; 0,50812; 0,63515; 0,99083; 0,76218; 0,47001; 0,35568; 0,68596; 0,55893; 0,26676; 0,33028; 0,82569; 0,47001; 0,31757; 0,80029; 0,24136; 
23; 398,17833;eval;335,91000;483,70000;325,96000;404,54000;376,02000;462,94000;;data;108 ;19 ;8236 ;9541 ;361 ;570 ;7702 ;197 ;25 ;106 ;5 ;178 ;86 ;37 ;147 ;98 ;83 ;23 ;167 ;151 ;148 ;3 ;27 ;177 ;87 ;164 ;90 ;120 ;147 ;33 ;112 ;125 ;14 ;95 ;128 ;73 ;10 ;129 ;158 ;142 ;163 ;81 ;154 ;160 ;173 ;11 ;132 ;142 ;178 ;67 ;114 ;151 ;127 ;110 ;174 ;6 ;112 ;114 ;197 ;69 ;177 ;95 ;156 ;158 ;85 ;40 ;6 ;197 ;155 ;75 ;104 ;101 ;109 ;117 ;20 ;76 ;67 ;134 ;89 ;var;0,31249; 0,37499; 0,11458; 0,87498; 99,59142; 23,21821; 40,65530; 54,64455; 29,11390; 0,28124; 0,40624; 0,49999; 0,96873; 0,37499; 0,84373; 0,88540; 0,18750; 0,57290; 0,21874; 0,42707; 0,96873; 0,62499; 0,10416; 0,34374; 0,32291; 0,58332; 0,91665; 0,72915; 0,14583; 0,59374; 0,19791; 0,99998; 0,40624; 0,40624; 0,16666; 0,28124; 0,79165; 0,95831; 0,46874; 0,32291; 1,02081; 0,17708; 1,01039; 0,23958; 0,90623; 0,94789; 0,40624; 0,72915; 0,79165; 0,21874; 0,71873; 0,56249; 0,42707; 0,43749; 0,68748; 0,77082; 1,04164; 0,32291; 0,52082; 0,97914; 0,64582; 0,54165; 0,91665; 0,10416; 0,41666; 0,52082; 0,81248; 0,62499; 0,38541; 0,29166; 0,56249; 0,45832; 0,21874; 0,27083; 0,67707; 0,38541; 0,26041; 0,65623; 0,19791; 
24; 398,17833;eval;335,91000;483,70000;325,96000;404,54000;376,02000;462,94000;;data;108 ;19 ;8236 ;9541 ;361 ;570 ;7702 ;197 ;25 ;106 ;5 ;178 ;86 ;37 ;147 ;98 ;83 ;23 ;167 ;151 ;148 ;3 ;27 ;177 ;87 ;164 ;90 ;120 ;147 ;33 ;112 ;125 ;14 ;95 ;128 ;73 ;10 ;129 ;158 ;142 ;163 ;81 ;154 ;160 ;173 ;11 ;132 ;142 ;178 ;67 ;114 ;151 ;127 ;110 ;174 ;6 ;112 ;114 ;197 ;69 ;177 ;95 ;156 ;158 ;85 ;40 ;6 ;197 ;155 ;75 ;104 ;101 ;109 ;117 ;20 ;76 ;67 ;134 ;89 ;var;0,25624; 0,30749; 0,09396; 0,71748; 81,66496; 19,03893; 33,33734; 44,80853; 23,87340; 0,23062; 0,33312; 0,40999; 0,79436; 0,30749; 0,69186; 0,72602; 0,15375; 0,46978; 0,17937; 0,35020; 0,79436; 0,51249; 0,08541; 0,28187; 0,26479; 0,47832; 0,75165; 0,59790; 0,11958; 0,48686; 0,16229; 0,81998; 0,33312; 0,33312; 0,13666; 0,23062; 0,64915; 0,78581; 0,38437; 0,26479; 0,83706; 0,14520; 0,82852; 0,19645; 0,74311; 0,77727; 0,33312; 0,59790; 0,64915; 0,17937; 0,58936; 0,46124; 0,35020; 0,35874; 0,56374; 0,63207; 0,85415; 0,26479; 0,42707; 0,80290; 0,52957; 0,44416; 0,75165; 0,08541; 0,34166; 0,42707; 0,66623; 0,51249; 0,31603; 0,23916; 0,46124; 0,37582; 0,17937; 0,22208; 0,55520; 0,31603; 0,21354; 0,53811; 0,16229; 
25; 398,17833;eval;335,91000;483,70000;325,96000;404,54000;376,02000;462,94000;;data;108 ;19 ;8236 ;9541 ;361 ;570 ;7702 ;197 ;25 ;106 ;5 ;178 ;86 ;37 ;147 ;98 ;83 ;23 ;167 ;151 ;148 ;3 ;27 ;177 ;87 ;164 ;90 ;120 ;147 ;33 ;112 ;125 ;14 ;95 ;128 ;73 ;10 ;129 ;158 ;142 ;163 ;81 ;154 ;160 ;173 ;11 ;132 ;142 ;178 ;67 ;114 ;151 ;127 ;110 ;174 ;6 ;112 ;114 ;197 ;69 ;177 ;95 ;156 ;158 ;85 ;40 ;6 ;197 ;155 ;75 ;104 ;101 ;109 ;117 ;20 ;76 ;67 ;134 ;89 ;var;0,21012; 0,25214; 0,07704; 0,58834; 66,96527; 15,61192; 27,33662; 36,74300; 19,57619; 0,18911; 0,27316; 0,33619; 0,65137; 0,25214; 0,56732; 0,59534; 0,12607; 0,38522; 0,14708; 0,28716; 0,65137; 0,42024; 0,07004; 0,23113; 0,21712; 0,39222; 0,61635; 0,49028; 0,09806; 0,39923; 0,13308; 0,67238; 0,27316; 0,27316; 0,11206; 0,18911; 0,53230; 0,64437; 0,31518; 0,21712; 0,68639; 0,11907; 0,67939; 0,16109; 0,60935; 0,63736; 0,27316; 0,49028; 0,53230; 0,14708; 0,48328; 0,37822; 0,28716; 0,29417; 0,46226; 0,51830; 0,70040; 0,21712; 0,35020; 0,65838; 0,43425; 0,36421; 0,61635; 0,07004; 0,28016; 0,35020; 0,54631; 0,42024; 0,25915; 0,19611; 0,37822; 0,30818; 0,14708; 0,18210; 0,45526; 0,25915; 0,17510; 0,44125; 0,13308; 
26; 398,17833;eval;335,91000;483,70000;325,96000;404,54000;376,02000;462,94000;;data;108 ;19 ;8236 ;9541 ;361 ;570 ;7702 ;197 ;25 ;106 ;5 ;178 ;86 ;37 ;147 ;98 ;83 ;23 ;167 ;151 ;148 ;3 ;27 ;177 ;87 ;164 ;90 ;120 ;147 ;33 ;112 ;125 ;14 ;95 ;128 ;73 ;10 ;129 ;158 ;142 ;163 ;81 ;154 ;160 ;173 ;11 ;132 ;142 ;178 ;67 ;114 ;151 ;127 ;110 ;174 ;6 ;112 ;114 ;197 ;69 ;177 ;95 ;156 ;158 ;85 ;40 ;6 ;197 ;155 ;75 ;104 ;101 ;109 ;117 ;20 ;76 ;67 ;134 ;89 ;var;0,17230; 0,20676; 0,06318; 0,48244; 54,91152; 12,80178; 22,41603; 30,12926; 16,05247; 0,15507; 0,22399; 0,27568; 0,53413; 0,20676; 0,46521; 0,48818; 0,10338; 0,31588; 0,12061; 0,23547; 0,53413; 0,34460; 0,05743; 0,18953; 0,17804; 0,32162; 0,50541; 0,40203; 0,08041; 0,32737; 0,10912; 0,55136; 0,22399; 0,22399; 0,09189; 0,15507; 0,43649; 0,52838; 0,25845; 0,17804; 0,56284; 0,09764; 0,55710; 0,13210; 0,49967; 0,52264; 0,22399; 0,40203; 0,43649; 0,12061; 0,39629; 0,31014; 0,23547; 0,24122; 0,37906; 0,42500; 0,57433; 0,17804; 0,28716; 0,53987; 0,35608; 0,29865; 0,50541; 0,05743; 0,22973; 0,28716; 0,44798; 0,34460; 0,21250; 0,16081; 0,31014; 0,25270; 0,12061; 0,14933; 0,37331; 0,21250; 0,14358; 0,36183; 0,10912; 
27; 398,17833;eval;335,91000;483,70000;325,96000;404,54000;376,02000;462,94000;;data;108 ;19 ;8236 ;9541 ;361 ;570 ;7702 ;197 ;25 ;106 ;5 ;178 ;86 ;37 ;147 ;98 ;83 ;23 ;167 ;151 ;148 ;3 ;27 ;177 ;87 ;164 ;90 ;120 ;147 ;33 ;112 ;125 ;14 ;95 ;128 ;73 ;10 ;129 ;158 ;142 ;163 ;81 ;154 ;160 ;173 ;11 ;132 ;142 ;178 ;67 ;114 ;151 ;127 ;110 ;174 ;6 ;112 ;114 ;197 ;69 ;177 ;95 ;156 ;158 ;85 ;40 ;6 ;197 ;155 ;75 ;104 ;101 ;109 ;117 ;20 ;76 ;67 ;134 ;89 ;var;0,14128; 0,16954; 0,05180; 0,39560; 45,02745; 10,49746; 18,38115; 24,70599; 13,16303; 0,12716; 0,18367; 0,22606; 0,43798; 0,16954; 0,38147; 0,40031; 0,08477; 0,25902; 0,09890; 0,19309; 0,43798; 0,28257; 0,04709; 0,15541; 0,14599; 0,26373; 0,41444; 0,32966; 0,06593; 0,26844; 0,08948; 0,45211; 0,18367; 0,18367; 0,07535; 0,12716; 0,35792; 0,43327; 0,21193; 0,14599; 0,46153; 0,08006; 0,45682; 0,10832; 0,40973; 0,42856; 0,18367; 0,32966; 0,35792; 0,09890; 0,32495; 0,25431; 0,19309; 0,19780; 0,31083; 0,34850; 0,47095; 0,14599; 0,23547; 0,44269; 0,29199; 0,24489; 0,41444; 0,04709; 0,18838; 0,23547; 0,36734; 0,28257; 0,17425; 0,13187; 0,25431; 0,20722; 0,09890; 0,12245; 0,30612; 0,17425; 0,11774; 0,29670; 0,08948; 
28; 398,17833;eval;335,91000;483,70000;325,96000;404,54000;376,02000;462,94000;;data;108 ;19 ;8236 ;9541 ;361 ;570 ;7702 ;197 ;25 ;106 ;5 ;178 ;86 ;37 ;147 ;98 ;83 ;23 ;167 ;151 ;148 ;3 ;27 ;177 ;87 ;164 ;90 ;120 ;147 ;33 ;112 ;125 ;14 ;95 ;128 ;73 ;10 ;129 ;158 ;142 ;163 ;81 ;154 ;160 ;173 ;11 ;132 ;142 ;178 ;67 ;114 ;151 ;127 ;110 ;174 ;6 ;112 ;114 ;197 ;69 ;177 ;95 ;156 ;158 ;85 ;40 ;6 ;197 ;155 ;75 ;104 ;101 ;109 ;117 ;20 ;76 ;67 ;134 ;89 ;var;0,11585; 0,13902; 0,04248; 0,32439; 36,92251; 8,60791; 15,07254; 20,25891; 10,79368; 0,10427; 0,15061; 0,18537; 0,35915; 0,13902; 0,31280; 0,32825; 0,06951; 0,21240; 0,08110; 0,15833; 0,35915; 0,23171; 0,03862; 0,12744; 0,11972; 0,21626; 0,33984; 0,27032; 0,05406; 0,22012; 0,07337; 0,37073; 0,15061; 0,15061; 0,06179; 0,10427; 0,29350; 0,35528; 0,17378; 0,11972; 0,37845; 0,06565; 0,37459; 0,08882; 0,33598; 0,35142; 0,15061; 0,27032; 0,29350; 0,08110; 0,26646; 0,20854; 0,15833; 0,16219; 0,25488; 0,28577; 0,38618; 0,11972; 0,19309; 0,36301; 0,23943; 0,20081; 0,33984; 0,03862; 0,15447; 0,19309; 0,30122; 0,23171; 0,14289; 0,10813; 0,20854; 0,16992; 0,08110; 0,10041; 0,25102; 0,14289; 0,09654; 0,24329; 0,07337; 
29; 398,17833;eval;335,91000;483,70000;325,96000;404,54000;376,02000;462,94000;;data;108 ;19 ;8236 ;9541 ;361 ;570 ;7702 ;197 ;25 ;106 ;5 ;178 ;86 ;37 ;147 ;98 ;83 ;23 ;167 ;151 ;148 ;3 ;27 ;177 ;87 ;164 ;90 ;120 ;147 ;33 ;112 ;125 ;14 ;95 ;128 ;73 ;10 ;129 ;158 ;142 ;163 ;81 ;154 ;160 ;173 ;11 ;132 ;142 ;178 ;67 ;114 ;151 ;127 ;110 ;174 ;6 ;112 ;114 ;197 ;69 ;177 ;95 ;156 ;158 ;85 ;40 ;6 ;197 ;155 ;75 ;104 ;101 ;109 ;117 ;20 ;76 ;67 ;134 ;89 ;var;0,09500; 0,11400; 0,03483; 0,26600; 30,27646; 7,05849; 12,35948; 16,61231; 8,85082; 0,08550; 0,12350; 0,15200; 0,29450; 0,11400; 0,25650; 0,26917; 0,05700; 0,17417; 0,06650; 0,12983; 0,29450; 0,19000; 0,03167; 0,10450; 0,09817; 0,17733; 0,27867; 0,22167; 0,04433; 0,18050; 0,06017; 0,30400; 0,12350; 0,12350; 0,05067; 0,08550; 0,24067; 0,29133; 0,14250; 0,09817; 0,31033; 0,05383; 0,30717; 0,07283; 0,27550; 0,28817; 0,12350; 0,22167; 0,24067; 0,06650; 0,21850; 0,17100; 0,12983; 0,13300; 0,20900; 0,23433; 0,31667; 0,09817; 0,15833; 0,29767; 0,19633; 0,16467; 0,27867; 0,03167; 0,12667; 0,15833; 0,24700; 0,19000; 0,11717; 0,08867; 0,17100; 0,13933; 0,06650; 0,08233; 0,20583; 0,11717; 0,07917; 0,19950; 0,06017; 
30; 398,17833;eval;335,91000;483,70000;325,96000;404,54000;376,02000;462,94000;;data;108 ;19 ;8236 ;9541 ;361 ;570 ;7702 ;197 ;25 ;106 ;5 ;178 ;86 ;37 ;147 ;98 ;83 ;23 ;167 ;151 ;148 ;3 ;27 ;177 ;87 ;164 ;90 ;120 ;147 ;33 ;112 ;125 ;14 ;95 ;128 ;73 ;10 ;129 ;158 ;142 ;163 ;81 ;154 ;160 ;173 ;11 ;132 ;142 ;178 ;67 ;114 ;151 ;127 ;110 ;174 ;6 ;112 ;114 ;197 ;69 ;177 ;95 ;156 ;158 ;85 ;40 ;6 ;197 ;155 ;75 ;104 ;101 ;109 ;117 ;20 ;76 ;67 ;134 ;89 ;var;0,07790; 0,09348; 0,02856; 0,21812; 24,82669; 5,78796; 10,13478; 13,62209; 7,25767; 0,07011; 0,10127; 0,12464; 0,24149; 0,09348; 0,21033; 0,22072; 0,04674; 0,14282; 0,05453; 0,10646; 0,24149; 0,15580; 0,02597; 0,08569; 0,08050; 0,14541; 0,22851; 0,18177; 0,03635; 0,14801; 0,04934; 0,24928; 0,10127; 0,10127; 0,04155; 0,07011; 0,19735; 0,23889; 0,11685; 0,08050; 0,25447; 0,04414; 0,25188; 0,05972; 0,22591; 0,23630; 0,10127; 0,18177; 0,19735; 0,05453; 0,17917; 0,14022; 0,10646; 0,10906; 0,17138; 0,19215; 0,25967; 0,08050; 0,12983; 0,24409; 0,16099; 0,13503; 0,22851; 0,02597; 0,10387; 0,12983; 0,20254; 0,15580; 0,09608; 0,07271; 0,14022; 0,11425; 0,05453; 0,06751; 0,16878; 0,09608; 0,06492; 0,16359; 0,04934; 
31; 387,75000;eval;351,16000;512,49000;252,39000;418,11000;382,12000;410,23000;;data;108 ;19 ;8236 ;9541 ;346 ;574 ;7695 ;194 ;21 ;106 ;5 ;178 ;86 ;37 ;147 ;98 ;83 ;23 ;167 ;151 ;148 ;3 ;27 ;177 ;87 ;164 ;90 ;120 ;147 ;33 ;112 ;125 ;14 ;95 ;128 ;73 ;10 ;129 ;158 ;142 ;163 ;81 ;154 ;160 ;173 ;11 ;132 ;142 ;178 ;67 ;114 ;151 ;127 ;110 ;174 ;6 ;112 ;114 ;197 ;69 ;177 ;95 ;156 ;158 ;85 ;40 ;6 ;197 ;155 ;75 ;104 ;101 ;109 ;117 ;20 ;76 ;67 ;134 ;89 ;var;0,06388; 0,07665; 0,02342; 0,17886; 20,35789; 4,74613; 8,31052; 11,17012; 5,95129; 0,05749; 0,08304; 0,10220; 0,19802; 0,07665; 0,17247; 0,18099; 0,03833; 0,11711; 0,04471; 0,08730; 0,19802; 0,12776; 0,02129; 0,07027; 0,06601; 0,11924; 0,18738; 0,14905; 0,02981; 0,12137; 0,04046; 0,20441; 0,08304; 0,08304; 0,03407; 0,05749; 0,16182; 0,19589; 0,09582; 0,06601; 0,20867; 0,03620; 0,20654; 0,04897; 0,18525; 0,19376; 0,08304; 0,14905; 0,16182; 0,04471; 0,14692; 0,11498; 0,08730; 0,08943; 0,14053; 0,15757; 0,21293; 0,06601; 0,10646; 0,20015; 0,13201; 0,11072; 0,18738; 0,02129; 0,08517; 0,10646; 0,16608; 0,12776; 0,07878; 0,05962; 0,11498; 0,09369; 0,04471; 0,05536; 0,13840; 0,07878; 0,05323; 0,13414; 0,04046; 
32; 387,75000;eval;351,16000;512,49000;252,39000;418,11000;382,12000;410,23000;;data;108 ;19 ;8236 ;9541 ;346 ;574 ;7695 ;194 ;21 ;106 ;5 ;178 ;86 ;37 ;147 ;98 ;83 ;23 ;167 ;151 ;148 ;3 ;27 ;177 ;87 ;164 ;90 ;120 ;147 ;33 ;112 ;125 ;14 ;95 ;128 ;73 ;10 ;129 ;158 ;142 ;163 ;81 ;154 ;160 ;173 ;11 ;132 ;142 ;178 ;67 ;114 ;151 ;127 ;110 ;174 ;6 ;112 ;114 ;197 ;69 ;177 ;95 ;156 ;158 ;85 ;40 ;6 ;197 ;155 ;75 ;104 ;101 ;109 ;117 ;20 ;76 ;67 ;134 ;89 ;var;0,05238; 0,06286; 0,01921; 0,14666; 16,69347; 3,89183; 6,81462; 9,15950; 4,88006; 0,04714; 0,06809; 0,08381; 0,16238; 0,06286; 0,14143; 0,14841; 0,03143; 0,09603; 0,03667; 0,07159; 0,16238; 0,10476; 0,01746; 0,05762; 0,05413; 0,09778; 0,15365; 0,12222; 0,02444; 0,09952; 0,03317; 0,16762; 0,06809; 0,06809; 0,02794; 0,04714; 0,13270; 0,16063; 0,07857; 0,05413; 0,17111; 0,02968; 0,16936; 0,04016; 0,15190; 0,15889; 0,06809; 0,12222; 0,13270; 0,03667; 0,12047; 0,09428; 0,07159; 0,07333; 0,11524; 0,12920; 0,17460; 0,05413; 0,08730; 0,16412; 0,10825; 0,09079; 0,15365; 0,01746; 0,06984; 0,08730; 0,13619; 0,10476; 0,06460; 0,04889; 0,09428; 0,07682; 0,03667; 0,04540; 0,11349; 0,06460; 0,04365; 0,11000; 0,03317; 
33; 387,75000;eval;351,16000;512,49000;252,39000;418,11000;382,12000;410,23000;;data;108 ;19 ;8236 ;9541 ;346 ;574 ;7695 ;194 ;21 ;106 ;5 ;178 ;86 ;37 ;147 ;98 ;83 ;23 ;167 ;151 ;148 ;3 ;27 ;177 ;87 ;164 ;90 ;120 ;147 ;33 ;112 ;125 ;14 ;95 ;128 ;73 ;10 ;129 ;158 ;142 ;163 ;81 ;154 ;160 ;173 ;11 ;132 ;142 ;178 ;67 ;114 ;151 ;127 ;110 ;174 ;6 ;112 ;114 ;197 ;69 ;177 ;95 ;156 ;158 ;85 ;40 ;6 ;197 ;155 ;75 ;104 ;101 ;109 ;117 ;20 ;76 ;67 ;134 ;89 ;var;0,04295; 0,05154; 0,01575; 0,12026; 13,68864; 3,19130; 5,58799; 7,51079; 4,00165; 0,03866; 0,05584; 0,06872; 0,13315; 0,05154; 0,11597; 0,12170; 0,02577; 0,07874; 0,03007; 0,05870; 0,13315; 0,08590; 0,01432; 0,04725; 0,04438; 0,08018; 0,12599; 0,10022; 0,02004; 0,08161; 0,02720; 0,13744; 0,05584; 0,05584; 0,02291; 0,03866; 0,10881; 0,13172; 0,06443; 0,04438; 0,14031; 0,02434; 0,13888; 0,03293; 0,12456; 0,13029; 0,05584; 0,10022; 0,10881; 0,03007; 0,09879; 0,07731; 0,05870; 0,06013; 0,09449; 0,10595; 0,14317; 0,04438; 0,07159; 0,13458; 0,08877; 0,07445; 0,12599; 0,01432; 0,05727; 0,07159; 0,11167; 0,08590; 0,05297; 0,04009; 0,07731; 0,06300; 0,03007; 0,03722; 0,09306; 0,05297; 0,03579; 0,09020; 0,02720; 
34; 387,75000;eval;351,16000;512,49000;252,39000;418,11000;382,12000;410,23000;;data;108 ;19 ;8236 ;9541 ;346 ;574 ;7695 ;194 ;21 ;106 ;5 ;178 ;86 ;37 ;147 ;98 ;83 ;23 ;167 ;151 ;148 ;3 ;27 ;177 ;87 ;164 ;90 ;120 ;147 ;33 ;112 ;125 ;14 ;95 ;128 ;73 ;10 ;129 ;158 ;142 ;163 ;81 ;154 ;160 ;173 ;11 ;132 ;142 ;178 ;67 ;114 ;151 ;127 ;110 ;174 ;6 ;112 ;114 ;197 ;69 ;177 ;95 ;156 ;158 ;85 ;40 ;6 ;197 ;155 ;75 ;104 ;101 ;109 ;117 ;20 ;76 ;67 ;134 ;89 ;var;0,03522; 0,04226; 0,01291; 0,09862; 11,22469; 2,61686; 4,58215; 6,15884; 3,28135; 0,03170; 0,04579; 0,05635; 0,10918; 0,04226; 0,09509; 0,09979; 0,02113; 0,06457; 0,02465; 0,04813; 0,10918; 0,07044; 0,01174; 0,03874; 0,03639; 0,06574; 0,10331; 0,08218; 0,01644; 0,06692; 0,02231; 0,11270; 0,04579; 0,04579; 0,01878; 0,03170; 0,08922; 0,10801; 0,05283; 0,03639; 0,11505; 0,01996; 0,11388; 0,02700; 0,10214; 0,10683; 0,04579; 0,08218; 0,08922; 0,02465; 0,08101; 0,06340; 0,04813; 0,04931; 0,07748; 0,08688; 0,11740; 0,03639; 0,05870; 0,11036; 0,07279; 0,06105; 0,10331; 0,01174; 0,04696; 0,05870; 0,09157; 0,07044; 0,04344; 0,03287; 0,06340; 0,05166; 0,02465; 0,03052; 0,07631; 0,04344; 0,02935; 0,07396; 0,02231; 
35; 387,75000;eval;351,16000;512,49000;252,39000;418,11000;382,12000;410,23000;;data;108 ;19 ;8236 ;9541 ;346 ;574 ;7695 ;194 ;21 ;106 ;5 ;178 ;86 ;37 ;147 ;98 ;83 ;23 ;167 ;151 ;148 ;3 ;27 ;177 ;87 ;164 ;90 ;120 ;147 ;33 ;112 ;125 ;14 ;95 ;128 ;73 ;10 ;129 ;158 ;142 ;163 ;81 ;154 ;160 ;173 ;11 ;132 ;142 ;178 ;67 ;114 ;151 ;127 ;110 ;174 ;6 ;112 ;114 ;197 ;69 ;177 ;95 ;156 ;158 ;85 ;40 ;6 ;197 ;155 ;75 ;104 ;101 ;109 ;117 ;20 ;76 ;67 ;134 ;89 ;var;0,02888; 0,03466; 0,01059; 0,08087; 9,20424; 2,14583; 3,75736; 5,05025; 2,69071; 0,02599; 0,03754; 0,04621; 0,08953; 0,03466; 0,07798; 0,08183; 0,01733; 0,05295; 0,02022; 0,03947; 0,08953; 0,05776; 0,00963; 0,03177; 0,02984; 0,05391; 0,08472; 0,06739; 0,01348; 0,05487; 0,01829; 0,09242; 0,03754; 0,03754; 0,01540; 0,02599; 0,07316; 0,08857; 0,04332; 0,02984; 0,09434; 0,01637; 0,09338; 0,02214; 0,08375; 0,08760; 0,03754; 0,06739; 0,07316; 0,02022; 0,06643; 0,05199; 0,03947; 0,04043; 0,06354; 0,07124; 0,09627; 0,02984; 0,04813; 0,09049; 0,05969; 0,05006; 0,08472; 0,00963; 0,03851; 0,04813; 0,07509; 0,05776; 0,03562; 0,02696; 0,05199; 0,04236; 0,02022; 0,02503; 0,06257; 0,03562; 0,02407; 0,06065; 0,01829; 
36; 387,75000;eval;351,16000;512,49000;252,39000;418,11000;382,12000;410,23000;;data;108 ;19 ;8236 ;9541 ;346 ;574 ;7695 ;194 ;21 ;106 ;5 ;178 ;86 ;37 ;147 ;98 ;83 ;23 ;167 ;151 ;148 ;3 ;27 ;177 ;87 ;164 ;90 ;120 ;147 ;33 ;112 ;125 ;14 ;95 ;128 ;73 ;10 ;129 ;158 ;142 ;163 ;81 ;154 ;160 ;173 ;11 ;132 ;142 ;178 ;67 ;114 ;151 ;127 ;110 ;174 ;6 ;112 ;114 ;197 ;69 ;177 ;95 ;156 ;158 ;85 ;40 ;6 ;197 ;155 ;75 ;104 ;101 ;109 ;117 ;20 ;76 ;67 ;134 ;89 ;var;0,02368; 0,02842; 0,00868; 0,06631; 7,54748; 1,75958; 3,08104; 4,14121; 2,20638; 0,02131; 0,03079; 0,03789; 0,07341; 0,02842; 0,06394; 0,06710; 0,01421; 0,04342; 0,01658; 0,03237; 0,07341; 0,04736; 0,00789; 0,02605; 0,02447; 0,04421; 0,06947; 0,05526; 0,01105; 0,04500; 0,01500; 0,07578; 0,03079; 0,03079; 0,01263; 0,02131; 0,05999; 0,07263; 0,03552; 0,02447; 0,07736; 0,01342; 0,07657; 0,01816; 0,06868; 0,07184; 0,03079; 0,05526; 0,05999; 0,01658; 0,05447; 0,04263; 0,03237; 0,03315; 0,05210; 0,05842; 0,07894; 0,02447; 0,03947; 0,07420; 0,04894; 0,04105; 0,06947; 0,00789; 0,03158; 0,03947; 0,06157; 0,04736; 0,02921; 0,02210; 0,04263; 0,03473; 0,01658; 0,02052; 0,05131; 0,02921; 0,01974; 0,04973; 0,01500; 
37; 387,75000;eval;351,16000;512,49000;252,39000;418,11000;382,12000;410,23000;;data;108 ;19 ;8236 ;9541 ;346 ;574 ;7695 ;194 ;21 ;106 ;5 ;178 ;86 ;37 ;147 ;98 ;83 ;23 ;167 ;151 ;148 ;3 ;27 ;177 ;87 ;164 ;90 ;120 ;147 ;33 ;112 ;125 ;14 ;95 ;128 ;73 ;10 ;129 ;158 ;142 ;163 ;81 ;154 ;160 ;173 ;11 ;132 ;142 ;178 ;67 ;114 ;151 ;127 ;110 ;174 ;6 ;112 ;114 ;197 ;69 ;177 ;95 ;156 ;158 ;85 ;40 ;6 ;197 ;155 ;75 ;104 ;101 ;109 ;117 ;20 ;76 ;67 ;134 ;89 ;var;0,01942; 0,02330; 0,00712; 0,05437; 6,18893; 1,44285; 2,52645; 3,39579; 1,80923; 0,01748; 0,02525; 0,03107; 0,06020; 0,02330; 0,05243; 0,05502; 0,01165; 0,03560; 0,01359; 0,02654; 0,06020; 0,03884; 0,00647; 0,02136; 0,02007; 0,03625; 0,05696; 0,04531; 0,00906; 0,03690; 0,01230; 0,06214; 0,02525; 0,02525; 0,01036; 0,01748; 0,04920; 0,05955; 0,02913; 0,02007; 0,06344; 0,01100; 0,06279; 0,01489; 0,05632; 0,05891; 0,02525; 0,04531; 0,04920; 0,01359; 0,04466; 0,03495; 0,02654; 0,02719; 0,04272; 0,04790; 0,06473; 0,02007; 0,03237; 0,06085; 0,04013; 0,03366; 0,05696; 0,00647; 0,02589; 0,03237; 0,05049; 0,03884; 0,02395; 0,01812; 0,03495; 0,02848; 0,01359; 0,01683; 0,04208; 0,02395; 0,01618; 0,04078; 0,01230; 
38; 387,75000;eval;351,16000;512,49000;252,39000;418,11000;382,12000;410,23000;;data;108 ;19 ;8236 ;9541 ;346 ;574 ;7695 ;194 ;21 ;106 ;5 ;178 ;86 ;37 ;147 ;98 ;83 ;23 ;167 ;151 ;148 ;3 ;27 ;177 ;87 ;164 ;90 ;120 ;147 ;33 ;112 ;125 ;14 ;95 ;128 ;73 ;10 ;129 ;158 ;142 ;163 ;81 ;154 ;160 ;173 ;11 ;132 ;142 ;178 ;67 ;114 ;151 ;127 ;110 ;174 ;6 ;112 ;114 ;197 ;69 ;177 ;95 ;156 ;158 ;85 ;40 ;6 ;197 ;155 ;75 ;104 ;101 ;109 ;117 ;20 ;76 ;67 ;134 ;89 ;var;0,01592; 0,01911; 0,00584; 0,04459; 5,07493; 1,18314; 2,07169; 2,78455; 1,48357; 0,01433; 0,02070; 0,02548; 0,04936; 0,01911; 0,04299; 0,04512; 0,00955; 0,02919; 0,01115; 0,02176; 0,04936; 0,03185; 0,00531; 0,01752; 0,01645; 0,02972; 0,04671; 0,03716; 0,00743; 0,03026; 0,01009; 0,05096; 0,02070; 0,02070; 0,00849; 0,01433; 0,04034; 0,04883; 0,02389; 0,01645; 0,05202; 0,00902; 0,05149; 0,01221; 0,04618; 0,04830; 0,02070; 0,03716; 0,04034; 0,01115; 0,03662; 0,02866; 0,02176; 0,02229; 0,03503; 0,03928; 0,05308; 0,01645; 0,02654; 0,04989; 0,03291; 0,02760; 0,04671; 0,00531; 0,02123; 0,02654; 0,04140; 0,03185; 0,01964; 0,01486; 0,02866; 0,02335; 0,01115; 0,01380; 0,03450; 0,01964; 0,01327; 0,03344; 0,01009; 
39; 387,75000;eval;351,16000;512,49000;252,39000;418,11000;382,12000;410,23000;;data;108 ;19 ;8236 ;9541 ;346 ;574 ;7695 ;194 ;21 ;106 ;5 ;178 ;86 ;37 ;147 ;98 ;83 ;23 ;167 ;151 ;148 ;3 ;27 ;177 ;87 ;164 ;90 ;120 ;147 ;33 ;112 ;125 ;14 ;95 ;128 ;73 ;10 ;129 ;158 ;142 ;163 ;81 ;154 ;160 ;173 ;11 ;132 ;142 ;178 ;67 ;114 ;151 ;127 ;110 ;174 ;6 ;112 ;114 ;197 ;69 ;177 ;95 ;156 ;158 ;85 ;40 ;6 ;197 ;155 ;75 ;104 ;101 ;109 ;117 ;20 ;76 ;67 ;134 ;89 ;var;0,01306; 0,01567; 0,00479; 0,03656; 4,16144; 0,97018; 1,69879; 2,28333; 1,21653; 0,01175; 0,01697; 0,02089; 0,04048; 0,01567; 0,03526; 0,03700; 0,00783; 0,02394; 0,00914; 0,01785; 0,04048; 0,02612; 0,00435; 0,01436; 0,01349; 0,02437; 0,03830; 0,03047; 0,00609; 0,02481; 0,00827; 0,04178; 0,01697; 0,01697; 0,00696; 0,01175; 0,03308; 0,04004; 0,01959; 0,01349; 0,04265; 0,00740; 0,04222; 0,01001; 0,03787; 0,03961; 0,01697; 0,03047; 0,03308; 0,00914; 0,03003; 0,02350; 0,01785; 0,01828; 0,02873; 0,03221; 0,04353; 0,01349; 0,02176; 0,04091; 0,02699; 0,02263; 0,03830; 0,00435; 0,01741; 0,02176; 0,03395; 0,02612; 0,01610; 0,01219; 0,02350; 0,01915; 0,00914; 0,01132; 0,02829; 0,01610; 0,01088; 0,02742; 0,00827; 
40; 387,75000;eval;351,16000;512,49000;252,39000;418,11000;382,12000;410,23000;;data;108 ;19 ;8236 ;9541 ;346 ;574 ;7695 ;194 ;21 ;106 ;5 ;178 ;86 ;37 ;147 ;98 ;83 ;23 ;167 ;151 ;148 ;3 ;27 ;177 ;87 ;164 ;90 ;120 ;147 ;33 ;112 ;125 ;14 ;95 ;128 ;73 ;10 ;129 ;158 ;142 ;163 ;81 ;154 ;160 ;173 ;11 ;132 ;142 ;178 ;67 ;114 ;151 ;127 ;110 ;174 ;6 ;112 ;114 ;197 ;69 ;177 ;95 ;156 ;158 ;85 ;40 ;6 ;197 ;155 ;75 ;104 ;101 ;109 ;117 ;20 ;76 ;67 ;134 ;89 ;var;0,01071; 0,01285; 0,00393; 0,02998; 3,41238; 0,79554; 1,39300; 1,87233; 0,99755; 0,00964; 0,01392; 0,01713; 0,03319; 0,01285; 0,02891; 0,03034; 0,00642; 0,01963; 0,00750; 0,01463; 0,03319; 0,02141; 0,00357; 0,01178; 0,01106; 0,01999; 0,03141; 0,02498; 0,00500; 0,02034; 0,00678; 0,03426; 0,01392; 0,01392; 0,00571; 0,00964; 0,02712; 0,03284; 0,01606; 0,01106; 0,03498; 0,00607; 0,03462; 0,00821; 0,03105; 0,03248; 0,01392; 0,02498; 0,02712; 0,00750; 0,02463; 0,01927; 0,01463; 0,01499; 0,02356; 0,02641; 0,03569; 0,01106; 0,01785; 0,03355; 0,02213; 0,01856; 0,03141; 0,00357; 0,01428; 0,01785; 0,02784; 0,02141; 0,01321; 0,00999; 0,01927; 0,01570; 0,00750; 0,00928; 0,02320; 0,01321; 0,00892; 0,02249; 0,00678; 
41; 387,75000;eval;351,16000;512,49000;252,39000;418,11000;382,12000;410,23000;;data;108 ;19 ;8236 ;9541 ;346 ;574 ;7695 ;194 ;21 ;106 ;5 ;178 ;86 ;37 ;147 ;98 ;83 ;23 ;167 ;151 ;148 ;3 ;27 ;177 ;87 ;164 ;90 ;120 ;147 ;33 ;112 ;125 ;14 ;95 ;128 ;73 ;10 ;129 ;158 ;142 ;163 ;81 ;154 ;160 ;173 ;11 ;132 ;142 ;178 ;67 ;114 ;151 ;127 ;110 ;174 ;6 ;112 ;114 ;197 ;69 ;177 ;95 ;156 ;158 ;85 ;40 ;6 ;197 ;155 ;75 ;104 ;101 ;109 ;117 ;20 ;76 ;67 ;134 ;89 ;var;0,00878; 0,01054; 0,00322; 0,02458; 2,79815; 0,65235; 1,14226; 1,53531; 0,81799; 0,00790; 0,01141; 0,01405; 0,02722; 0,01054; 0,02371; 0,02488; 0,00527; 0,01610; 0,00615; 0,01200; 0,02722; 0,01756; 0,00293; 0,00966; 0,00907; 0,01639; 0,02575; 0,02049; 0,00410; 0,01668; 0,00556; 0,02810; 0,01141; 0,01141; 0,00468; 0,00790; 0,02224; 0,02693; 0,01317; 0,00907; 0,02868; 0,00498; 0,02839; 0,00673; 0,02546; 0,02663; 0,01141; 0,02049; 0,02224; 0,00615; 0,02019; 0,01580; 0,01200; 0,01229; 0,01932; 0,02166; 0,02927; 0,00907; 0,01463; 0,02751; 0,01815; 0,01522; 0,02575; 0,00293; 0,01171; 0,01463; 0,02283; 0,01756; 0,01083; 0,00819; 0,01580; 0,01288; 0,00615; 0,00761; 0,01902; 0,01083; 0,00732; 0,01844; 0,00556; 
42; 387,75000;eval;351,16000;512,49000;252,39000;418,11000;382,12000;410,23000;;data;108 ;19 ;8236 ;9541 ;346 ;574 ;7695 ;194 ;21 ;106 ;5 ;178 ;86 ;37 ;147 ;98 ;83 ;23 ;167 ;151 ;148 ;3 ;27 ;177 ;87 ;164 ;90 ;120 ;147 ;33 ;112 ;125 ;14 ;95 ;128 ;73 ;10 ;129 ;158 ;142 ;163 ;81 ;154 ;160 ;173 ;11 ;132 ;142 ;178 ;67 ;114 ;151 ;127 ;110 ;174 ;6 ;112 ;114 ;197 ;69 ;177 ;95 ;156 ;158 ;85 ;40 ;6 ;197 ;155 ;75 ;104 ;101 ;109 ;117 ;20 ;76 ;67 ;134 ;89 ;var;0,00720; 0,00864; 0,00264; 0,02016; 2,29448; 0,53492; 0,93666; 1,25895; 0,67075; 0,00648; 0,00936; 0,01152; 0,02232; 0,00864; 0,01944; 0,02040; 0,00432; 0,01320; 0,00504; 0,00984; 0,02232; 0,01440; 0,00240; 0,00792; 0,00744; 0,01344; 0,02112; 0,01680; 0,00336; 0,01368; 0,00456; 0,02304; 0,00936; 0,00936; 0,00384; 0,00648; 0,01824; 0,02208; 0,01080; 0,00744; 0,02352; 0,00408; 0,02328; 0,00552; 0,02088; 0,02184; 0,00936; 0,01680; 0,01824; 0,00504; 0,01656; 0,01296; 0,00984; 0,01008; 0,01584; 0,01776; 0,02400; 0,00744; 0,01200; 0,02256; 0,01488; 0,01248; 0,02112; 0,00240; 0,00960; 0,01200; 0,01872; 0,01440; 0,00888; 0,00672; 0,01296; 0,01056; 0,00504; 0,00624; 0,01560; 0,00888; 0,00600; 0,01512; 0,00456; 
43; 387,75000;eval;351,16000;512,49000;252,39000;418,11000;382,12000;410,23000;;data;108 ;19 ;8236 ;9541 ;346 ;574 ;7695 ;194 ;21 ;106 ;5 ;178 ;86 ;37 ;147 ;98 ;83 ;23 ;167 ;151 ;148 ;3 ;27 ;177 ;87 ;164 ;90 ;120 ;147 ;33 ;112 ;125 ;14 ;95 ;128 ;73 ;10 ;129 ;158 ;142 ;163 ;81 ;154 ;160 ;173 ;11 ;132 ;142 ;178 ;67 ;114 ;151 ;127 ;110 ;174 ;6 ;112 ;114 ;197 ;69 ;177 ;95 ;156 ;158 ;85 ;40 ;6 ;197 ;155 ;75 ;104 ;101 ;109 ;117 ;20 ;76 ;67 ;134 ;89 ;var;0,00590; 0,00708; 0,00216; 0,01653; 1,88148; 0,43864; 0,76806; 1,03234; 0,55002; 0,00531; 0,00767; 0,00945; 0,01830; 0,00708; 0,01594; 0,01673; 0,00354; 0,01082; 0,00413; 0,00807; 0,01830; 0,01181; 0,00197; 0,00649; 0,00610; 0,01102; 0,01732; 0,01378; 0,00276; 0,01122; 0,00374; 0,01889; 0,00767; 0,00767; 0,00315; 0,00531; 0,01496; 0,01810; 0,00886; 0,00610; 0,01929; 0,00335; 0,01909; 0,00453; 0,01712; 0,01791; 0,00767; 0,01378; 0,01496; 0,00413; 0,01358; 0,01063; 0,00807; 0,00827; 0,01299; 0,01456; 0,01968; 0,00610; 0,00984; 0,01850; 0,01220; 0,01023; 0,01732; 0,00197; 0,00787; 0,00984; 0,01535; 0,01181; 0,00728; 0,00551; 0,01063; 0,00866; 0,00413; 0,00512; 0,01279; 0,00728; 0,00492; 0,01240; 0,00374; 
44; 387,75000;eval;351,16000;512,49000;252,39000;418,11000;382,12000;410,23000;;data;108 ;19 ;8236 ;9541 ;346 ;574 ;7695 ;194 ;21 ;106 ;5 ;178 ;86 ;37 ;147 ;98 ;83 ;23 ;167 ;151 ;148 ;3 ;27 ;177 ;87 ;164 ;90 ;120 ;147 ;33 ;112 ;125 ;14 ;95 ;128 ;73 ;10 ;129 ;158 ;142 ;163 ;81 ;154 ;160 ;173 ;11 ;132 ;142 ;178 ;67 ;114 ;151 ;127 ;110 ;174 ;6 ;112 ;114 ;197 ;69 ;177 ;95 ;156 ;158 ;85 ;40 ;6 ;197 ;155 ;75 ;104 ;101 ;109 ;117 ;20 ;76 ;67 ;134 ;89 ;var;0,00484; 0,00581; 0,00178; 0,01355; 1,54281; 0,35968; 0,62981; 0,84652; 0,45102; 0,00436; 0,00629; 0,00775; 0,01501; 0,00581; 0,01307; 0,01372; 0,00290; 0,00888; 0,00339; 0,00662; 0,01501; 0,00968; 0,00161; 0,00533; 0,00500; 0,00904; 0,01420; 0,01130; 0,00226; 0,00920; 0,00307; 0,01549; 0,00629; 0,00629; 0,00258; 0,00436; 0,01226; 0,01485; 0,00726; 0,00500; 0,01581; 0,00274; 0,01565; 0,00371; 0,01404; 0,01468; 0,00629; 0,01130; 0,01226; 0,00339; 0,01113; 0,00871; 0,00662; 0,00678; 0,01065; 0,01194; 0,01614; 0,00500; 0,00807; 0,01517; 0,01000; 0,00839; 0,01420; 0,00161; 0,00645; 0,00807; 0,01259; 0,00968; 0,00597; 0,00452; 0,00871; 0,00710; 0,00339; 0,00420; 0,01049; 0,00597; 0,00403; 0,01017; 0,00307; 
45; 387,75000;eval;351,16000;512,49000;252,39000;418,11000;382,12000;410,23000;;data;108 ;19 ;8236 ;9541 ;346 ;574 ;7695 ;194 ;21 ;106 ;5 ;178 ;86 ;37 ;147 ;98 ;83 ;23 ;167 ;151 ;148 ;3 ;27 ;177 ;87 ;164 ;90 ;120 ;147 ;33 ;112 ;125 ;14 ;95 ;128 ;73 ;10 ;129 ;158 ;142 ;163 ;81 ;154 ;160 ;173 ;11 ;132 ;142 ;178 ;67 ;114 ;151 ;127 ;110 ;174 ;6 ;112 ;114 ;197 ;69 ;177 ;95 ;156 ;158 ;85 ;40 ;6 ;197 ;155 ;75 ;104 ;101 ;109 ;117 ;20 ;76 ;67 ;134 ;89 ;var;0,00397; 0,00476; 0,00146; 0,01111; 1,26511; 0,29494; 0,51644; 0,69415; 0,36983; 0,00357; 0,00516; 0,00635; 0,01231; 0,00476; 0,01072; 0,01125; 0,00238; 0,00728; 0,00278; 0,00543; 0,01231; 0,00794; 0,00132; 0,00437; 0,00410; 0,00741; 0,01164; 0,00926; 0,00185; 0,00754; 0,00251; 0,01270; 0,00516; 0,00516; 0,00212; 0,00357; 0,01006; 0,01217; 0,00595; 0,00410; 0,01297; 0,00225; 0,01283; 0,00304; 0,01151; 0,01204; 0,00516; 0,00926; 0,01006; 0,00278; 0,00913; 0,00715; 0,00543; 0,00556; 0,00873; 0,00979; 0,01323; 0,00410; 0,00662; 0,01244; 0,00820; 0,00688; 0,01164; 0,00132; 0,00529; 0,00662; 0,01032; 0,00794; 0,00490; 0,00370; 0,00715; 0,00582; 0,00278; 0,00344; 0,00860; 0,00490; 0,00331; 0,00834; 0,00251; 
46; 387,75000;eval;351,16000;512,49000;252,39000;418,11000;382,12000;410,23000;;data;108 ;19 ;8236 ;9541 ;346 ;574 ;7695 ;194 ;21 ;106 ;5 ;178 ;86 ;37 ;147 ;98 ;83 ;23 ;167 ;151 ;148 ;3 ;27 ;177 ;87 ;164 ;90 ;120 ;147 ;33 ;112 ;125 ;14 ;95 ;128 ;73 ;10 ;129 ;158 ;142 ;163 ;81 ;154 ;160 ;173 ;11 ;132 ;142 ;178 ;67 ;114 ;151 ;127 ;110 ;174 ;6 ;112 ;114 ;197 ;69 ;177 ;95 ;156 ;158 ;85 ;40 ;6 ;197 ;155 ;75 ;104 ;101 ;109 ;117 ;20 ;76 ;67 ;134 ;89 ;var;0,00326; 0,00391; 0,00119; 0,00911; 1,03739; 0,24185; 0,42348; 0,56920; 0,30326; 0,00293; 0,00423; 0,00521; 0,01009; 0,00391; 0,00879; 0,00922; 0,00195; 0,00597; 0,00228; 0,00445; 0,01009; 0,00651; 0,00109; 0,00358; 0,00336; 0,00608; 0,00955; 0,00760; 0,00152; 0,00618; 0,00206; 0,01042; 0,00423; 0,00423; 0,00174; 0,00293; 0,00825; 0,00998; 0,00488; 0,00336; 0,01063; 0,00184; 0,01052; 0,00250; 0,00944; 0,00987; 0,00423; 0,00760; 0,00825; 0,00228; 0,00749; 0,00586; 0,00445; 0,00456; 0,00716; 0,00803; 0,01085; 0,00336; 0,00543; 0,01020; 0,00673; 0,00564; 0,00955; 0,00109; 0,00434; 0,00543; 0,00846; 0,00651; 0,00401; 0,00304; 0,00586; 0,00477; 0,00228; 0,00282; 0,00705; 0,00401; 0,00271; 0,00684; 0,00206; 
47; 387,75000;eval;351,16000;512,49000;252,39000;418,11000;382,12000;410,23000;;data;108 ;19 ;8236 ;9541 ;346 ;574 ;7695 ;194 ;21 ;106 ;5 ;178 ;86 ;37 ;147 ;98 ;83 ;23 ;167 ;151 ;148 ;3 ;27 ;177 ;87 ;164 ;90 ;120 ;147 ;33 ;112 ;125 ;14 ;95 ;128 ;73 ;10 ;129 ;158 ;142 ;163 ;81 ;154 ;160 ;173 ;11 ;132 ;142 ;178 ;67 ;114 ;151 ;127 ;110 ;174 ;6 ;112 ;114 ;197 ;69 ;177 ;95 ;156 ;158 ;85 ;40 ;6 ;197 ;155 ;75 ;104 ;101 ;109 ;117 ;20 ;76 ;67 ;134 ;89 ;var;0,00267; 0,00320; 0,00098; 0,00747; 0,85066; 0,19832; 0,34726; 0,46674; 0,24868; 0,00240; 0,00347; 0,00427; 0,00827; 0,00320; 0,00721; 0,00756; 0,00160; 0,00489; 0,00187; 0,00365; 0,00827; 0,00534; 0,00089; 0,00294; 0,00276; 0,00498; 0,00783; 0,00623; 0,00125; 0,00507; 0,00169; 0,00854; 0,00347; 0,00347; 0,00142; 0,00240; 0,00676; 0,00819; 0,00400; 0,00276; 0,00872; 0,00151; 0,00863; 0,00205; 0,00774; 0,00810; 0,00347; 0,00623; 0,00676; 0,00187; 0,00614; 0,00480; 0,00365; 0,00374; 0,00587; 0,00658; 0,00890; 0,00276; 0,00445; 0,00836; 0,00552; 0,00463; 0,00783; 0,00089; 0,00356; 0,00445; 0,00694; 0,00534; 0,00329; 0,00249; 0,00480; 0,00391; 0,00187; 0,00231; 0,00578; 0,00329; 0,00222; 0,00561; 0,00169; 
