0; 396,10500;eval;377,96000;456,51000;218,75000;445,59000;458,85000;418,97000;;data;84 ;58 ;9679 ;10945 ;458 ;457 ;10668 ;121 ;147 ;136 ;140 ;128 ;177 ;81 ;135 ;90 ;70 ;71 ;126 ;121 ;161 ;109 ;134 ;68 ;85 ;143 ;86 ;175 ;136 ;119 ;98 ;23 ;82 ;121 ;115 ;-54 ;96 ;173 ;42 ;78 ;55 ;81 ;20 ;153 ;32 ;77 ;25 ;47 ;59 ;145 ;144 ;96 ;44 ;97 ;34 ;92 ;135 ;17 ;113 ;98 ;103 ;47 ;92 ;136 ;108 ;20 ;184 ;92 ;74 ;95 ;84 ;116 ;59 ;76 ;91 ;147 ;147 ;44 ;42 ;var;75,00000; 89,00000; 19,00000; 25,00000; 1520,00000; 3206,00000; 8218,00000; 9035,00000; 1749,00000; 61,00000; 61,00000; 95,00000; 10,00000; 32,00000; 25,00000; 61,00000; 18,00000; 92,00000; 47,00000; 79,00000; 25,00000; 31,00000; 46,00000; 12,00000; 91,00000; 73,00000; 79,00000; 35,00000; 19,00000; 90,00000; 19,00000; 82,00000; 27,00000; 15,00000; 63,00000; 40,00000; 53,00000; 65,00000; 53,00000; 25,00000; 98,00000; 79,00000; 95,00000; 77,00000; 91,00000; 32,00000; 27,00000; 37,00000; 84,00000; 42,00000; 56,00000; 38,00000; 80,00000; 13,00000; 23,00000; 60,00000; 54,00000; 74,00000; 88,00000; 81,00000; 16,00000; 69,00000; 76,00000; 95,00000; 18,00000; 80,00000; 89,00000; 56,00000; 32,00000; 25,00000; 48,00000; 60,00000; 37,00000; 58,00000; 77,00000; 94,00000; 100,00000; 27,00000; 87,00000; 
1; 396,10500;eval;377,96000;456,51000;218,75000;445,59000;458,85000;418,97000;;data;84 ;58 ;9679 ;10945 ;458 ;457 ;10668 ;121 ;147 ;136 ;140 ;128 ;177 ;81 ;135 ;90 ;70 ;71 ;126 ;121 ;161 ;109 ;134 ;68 ;85 ;143 ;86 ;175 ;136 ;119 ;98 ;23 ;82 ;121 ;115 ;-54 ;96 ;173 ;42 ;78 ;55 ;81 ;20 ;153 ;32 ;77 ;25 ;47 ;59 ;145 ;144 ;96 ;44 ;97 ;34 ;92 ;135 ;17 ;113 ;98 ;103 ;47 ;92 ;136 ;108 ;20 ;184 ;92 ;74 ;95 ;84 ;116 ;59 ;76 ;91 ;147 ;147 ;44 ;42 ;var;61,50000; 72,98000; 15,58000; 20,50000; 1246,40000; 2628,92000; 6738,76000; 7408,70000; 1434,18000; 50,02000; 50,02000; 77,90000; 8,20000; 26,24000; 20,50000; 50,02000; 14,76000; 75,44000; 38,54000; 64,78000; 20,50000; 25,42000; 37,72000; 9,84000; 74,62000; 59,86000; 64,78000; 28,70000; 15,58000; 73,80000; 15,58000; 67,24000; 22,14000; 12,30000; 51,66000; 32,80000; 43,46000; 53,30000; 43,46000; 20,50000; 80,36000; 64,78000; 77,90000; 63,14000; 74,62000; 26,24000; 22,14000; 30,34000; 68,88000; 34,44000; 45,92000; 31,16000; 65,60000; 10,66000; 18,86000; 49,20000; 44,28000; 60,68000; 72,16000; 66,42000; 13,12000; 56,58000; 62,32000; 77,90000; 14,76000; 65,60000; 72,98000; 45,92000; 26,24000; 20,50000; 39,36000; 49,20000; 30,34000; 47,56000; 63,14000; 77,08000; 82,00000; 22,14000; 71,34000; 
2; 396,10500;eval;377,96000;456,51000;218,75000;445,59000;458,85000;418,97000;;data;84 ;58 ;9679 ;10945 ;458 ;457 ;10668 ;121 ;147 ;136 ;140 ;128 ;177 ;81 ;135 ;90 ;70 ;71 ;126 ;121 ;161 ;109 ;134 ;68 ;85 ;143 ;86 ;175 ;136 ;119 ;98 ;23 ;82 ;121 ;115 ;-54 ;96 ;173 ;42 ;78 ;55 ;81 ;20 ;153 ;32 ;77 ;25 ;47 ;59 ;145 ;144 ;96 ;44 ;97 ;34 ;92 ;135 ;17 ;113 ;98 ;103 ;47 ;92 ;136 ;108 ;20 ;184 ;92 ;74 ;95 ;84 ;116 ;59 ;76 ;91 ;147 ;147 ;44 ;42 ;var;50,43000; 59,84360; 12,77560; 16,81000; 1022,04800; 2155,71440; 5525,78320; 6075,13400; 1176,02760; 41,01640; 41,01640; 63,87800; 6,72400; 21,51680; 16,81000; 41,01640; 12,10320; 61,86080; 31,60280; 53,11960; 16,81000; 20,84440; 30,93040; 8,06880; 61,18840; 49,08520; 53,11960; 23,53400; 12,77560; 60,51600; 12,77560; 55,13680; 18,15480; 10,08600; 42,36120; 26,89600; 35,63720; 43,70600; 35,63720; 16,81000; 65,89520; 53,11960; 63,87800; 51,77480; 61,18840; 21,51680; 18,15480; 24,87880; 56,48160; 28,24080; 37,65440; 25,55120; 53,79200; 8,74120; 15,46520; 40,34400; 36,30960; 49,75760; 59,17120; 54,46440; 10,75840; 46,39560; 51,10240; 63,87800; 12,10320; 53,79200; 59,84360; 37,65440; 21,51680; 16,81000; 32,27520; 40,34400; 24,87880; 38,99920; 51,77480; 63,20560; 67,24000; 18,15480; 58,49880; 
3; 396,10500;eval;377,96000;456,51000;218,75000;445,59000;458,85000;418,97000;;data;84 ;58 ;9679 ;10945 ;458 ;457 ;10668 ;121 ;147 ;136 ;140 ;128 ;177 ;81 ;135 ;90 ;70 ;71 ;126 ;121 ;161 ;109 ;134 ;68 ;85 ;143 ;86 ;175 ;136 ;119 ;98 ;23 ;82 ;121 ;115 ;-54 ;96 ;173 ;42 ;78 ;55 ;81 ;20 ;153 ;32 ;77 ;25 ;47 ;59 ;145 ;144 ;96 ;44 ;97 ;34 ;92 ;135 ;17 ;113 ;98 ;103 ;47 ;92 ;136 ;108 ;20 ;184 ;92 ;74 ;95 ;84 ;116 ;59 ;76 ;91 ;147 ;147 ;44 ;42 ;var;41,35260; 49,07175; 10,47599; 13,78420; 838,07936; 1767,68581; 4531,14222; 4981,60988; 964,34263; 33,63345; 33,63345; 52,37996; 5,51368; 17,64378; 13,78420; 33,63345; 9,92462; 50,72586; 25,91430; 43,55807; 13,78420; 17,09241; 25,36293; 6,61642; 50,17449; 40,24986; 43,55807; 19,29788; 10,47599; 49,62312; 10,47599; 45,21218; 14,88694; 8,27052; 34,73618; 22,05472; 29,22250; 35,83892; 29,22250; 13,78420; 54,03406; 43,55807; 52,37996; 42,45534; 50,17449; 17,64378; 14,88694; 20,40062; 46,31491; 23,15746; 30,87661; 20,95198; 44,10944; 7,16778; 12,68146; 33,08208; 29,77387; 40,80123; 48,52038; 44,66081; 8,82189; 38,04439; 41,90397; 52,37996; 9,92462; 44,10944; 49,07175; 30,87661; 17,64378; 13,78420; 26,46566; 33,08208; 20,40062; 31,97934; 42,45534; 51,82859; 55,13680; 14,88694; 47,96902; 
4; 396,10500;eval;377,96000;456,51000;218,75000;445,59000;458,85000;418,97000;;data;84 ;58 ;9679 ;10945 ;458 ;457 ;10668 ;121 ;147 ;136 ;140 ;128 ;177 ;81 ;135 ;90 ;70 ;71 ;126 ;121 ;161 ;109 ;134 ;68 ;85 ;143 ;86 ;175 ;136 ;119 ;98 ;23 ;82 ;121 ;115 ;-54 ;96 ;173 ;42 ;78 ;55 ;81 ;20 ;153 ;32 ;77 ;25 ;47 ;59 ;145 ;144 ;96 ;44 ;97 ;34 ;92 ;135 ;17 ;113 ;98 ;103 ;47 ;92 ;136 ;108 ;20 ;184 ;92 ;74 ;95 ;84 ;116 ;59 ;76 ;91 ;147 ;147 ;44 ;42 ;var;33,90913; 40,23884; 8,59031; 11,30304; 687,22508; 1449,50236; 3715,53662; 4084,92010; 790,76096; 27,57943; 27,57943; 42,95157; 4,52122; 14,46790; 11,30304; 27,57943; 8,13819; 41,59520; 21,24972; 35,71762; 11,30304; 14,01577; 20,79760; 5,42546; 41,14308; 33,00489; 35,71762; 15,82426; 8,59031; 40,69096; 8,59031; 37,07398; 12,20729; 6,78183; 28,48367; 18,08487; 23,96245; 29,38791; 23,96245; 11,30304; 44,30793; 35,71762; 42,95157; 34,81338; 41,14308; 14,46790; 12,20729; 16,72851; 37,97823; 18,98911; 25,31882; 17,18063; 36,16974; 5,87758; 10,39880; 27,12731; 24,41458; 33,45701; 39,78671; 36,62186; 7,23395; 31,19640; 34,36125; 42,95157; 8,13819; 36,16974; 40,23884; 25,31882; 14,46790; 11,30304; 21,70184; 27,12731; 16,72851; 26,22306; 34,81338; 42,49945; 45,21218; 12,20729; 39,33459; 
5; 396,10500;eval;377,96000;456,51000;218,75000;445,59000;458,85000;418,97000;;data;84 ;58 ;9679 ;10945 ;458 ;457 ;10668 ;121 ;147 ;136 ;140 ;128 ;177 ;81 ;135 ;90 ;70 ;71 ;126 ;121 ;161 ;109 ;134 ;68 ;85 ;143 ;86 ;175 ;136 ;119 ;98 ;23 ;82 ;121 ;115 ;-54 ;96 ;173 ;42 ;78 ;55 ;81 ;20 ;153 ;32 ;77 ;25 ;47 ;59 ;145 ;144 ;96 ;44 ;97 ;34 ;92 ;135 ;17 ;113 ;98 ;103 ;47 ;92 ;136 ;108 ;20 ;184 ;92 ;74 ;95 ;84 ;116 ;59 ;76 ;91 ;147 ;147 ;44 ;42 ;var;27,80549; 32,99585; 7,04406; 9,26850; 563,52456; 1188,59194; 3046,74003; 3349,63448; 648,42399; 22,61513; 22,61513; 35,22029; 3,70740; 11,86367; 9,26850; 22,61513; 6,67332; 34,10807; 17,42477; 29,28845; 9,26850; 11,49294; 17,05403; 4,44888; 33,73733; 27,06401; 29,28845; 12,97589; 7,04406; 33,36659; 7,04406; 30,40067; 10,00998; 5,56110; 23,35661; 14,82959; 19,64921; 24,09809; 19,64921; 9,26850; 36,33250; 29,28845; 35,22029; 28,54697; 33,73733; 11,86367; 10,00998; 13,71737; 31,14215; 15,57107; 20,76143; 14,08811; 29,65919; 4,81962; 8,52702; 22,24439; 20,01995; 27,43475; 32,62511; 30,02993; 5,93184; 25,58105; 28,17623; 35,22029; 6,67332; 29,65919; 32,99585; 20,76143; 11,86367; 9,26850; 17,79551; 22,24439; 13,71737; 21,50291; 28,54697; 34,84955; 37,07398; 10,00998; 32,25437; 
6; 396,10500;eval;377,96000;456,51000;218,75000;445,59000;458,85000;418,97000;;data;84 ;58 ;9679 ;10945 ;458 ;457 ;10668 ;121 ;147 ;136 ;140 ;128 ;177 ;81 ;135 ;90 ;70 ;71 ;126 ;121 ;161 ;109 ;134 ;68 ;85 ;143 ;86 ;175 ;136 ;119 ;98 ;23 ;82 ;121 ;115 ;-54 ;96 ;173 ;42 ;78 ;55 ;81 ;20 ;153 ;32 ;77 ;25 ;47 ;59 ;145 ;144 ;96 ;44 ;97 ;34 ;92 ;135 ;17 ;113 ;98 ;103 ;47 ;92 ;136 ;108 ;20 ;184 ;92 ;74 ;95 ;84 ;116 ;59 ;76 ;91 ;147 ;147 ;44 ;42 ;var;22,80050; 27,05659; 5,77613; 7,60017; 462,09014; 974,64539; 2498,32683; 2746,70028; 531,70767; 18,54441; 18,54441; 28,88063; 3,04007; 9,72821; 7,60017; 18,54441; 5,47212; 27,96861; 14,28831; 24,01653; 7,60017; 9,42421; 13,98431; 3,64808; 27,66461; 22,19249; 24,01653; 10,64023; 5,77613; 27,36060; 5,77613; 24,92855; 8,20818; 4,56010; 19,15242; 12,16027; 16,11235; 19,76043; 16,11235; 7,60017; 29,79265; 24,01653; 28,88063; 23,40851; 27,66461; 9,72821; 8,20818; 11,24825; 25,53656; 12,76828; 17,02437; 11,55225; 24,32053; 3,95209; 6,99215; 18,24040; 16,41636; 22,49649; 26,75259; 24,62454; 4,86411; 20,97646; 23,10451; 28,88063; 5,47212; 24,32053; 27,05659; 17,02437; 9,72821; 7,60017; 14,59232; 18,24040; 11,24825; 17,63239; 23,40851; 28,57663; 30,40067; 8,20818; 26,44858; 
7; 396,10500;eval;377,96000;456,51000;218,75000;445,59000;458,85000;418,97000;;data;84 ;58 ;9679 ;10945 ;458 ;457 ;10668 ;121 ;147 ;136 ;140 ;128 ;177 ;81 ;135 ;90 ;70 ;71 ;126 ;121 ;161 ;109 ;134 ;68 ;85 ;143 ;86 ;175 ;136 ;119 ;98 ;23 ;82 ;121 ;115 ;-54 ;96 ;173 ;42 ;78 ;55 ;81 ;20 ;153 ;32 ;77 ;25 ;47 ;59 ;145 ;144 ;96 ;44 ;97 ;34 ;92 ;135 ;17 ;113 ;98 ;103 ;47 ;92 ;136 ;108 ;20 ;184 ;92 ;74 ;95 ;84 ;116 ;59 ;76 ;91 ;147 ;147 ;44 ;42 ;var;18,69641; 22,18641; 4,73642; 6,23214; 378,91392; 799,20922; 2048,62800; 2252,29423; 436,00029; 15,20641; 15,20641; 23,68212; 2,49285; 7,97714; 6,23214; 15,20641; 4,48714; 22,93426; 11,71642; 19,69355; 6,23214; 7,72785; 11,46713; 2,99143; 22,68498; 18,19784; 19,69355; 8,72499; 4,73642; 22,43569; 4,73642; 20,44141; 6,73071; 3,73928; 15,70498; 9,97142; 13,21213; 16,20356; 13,21213; 6,23214; 24,42998; 19,69355; 23,68212; 19,19498; 22,68498; 7,97714; 6,73071; 9,22356; 20,93998; 10,46999; 13,95999; 9,47285; 19,94284; 3,24071; 5,73357; 14,95713; 13,46142; 18,44712; 21,93712; 20,19212; 3,98857; 17,20070; 18,94570; 23,68212; 4,48714; 19,94284; 22,18641; 13,95999; 7,97714; 6,23214; 11,96570; 14,95713; 9,22356; 14,45856; 19,19498; 23,43283; 24,92855; 6,73071; 21,68784; 
8; 396,10500;eval;377,96000;456,51000;218,75000;445,59000;458,85000;418,97000;;data;84 ;58 ;9679 ;10945 ;458 ;457 ;10668 ;121 ;147 ;136 ;140 ;128 ;177 ;81 ;135 ;90 ;70 ;71 ;126 ;121 ;161 ;109 ;134 ;68 ;85 ;143 ;86 ;175 ;136 ;119 ;98 ;23 ;82 ;121 ;115 ;-54 ;96 ;173 ;42 ;78 ;55 ;81 ;20 ;153 ;32 ;77 ;25 ;47 ;59 ;145 ;144 ;96 ;44 ;97 ;34 ;92 ;135 ;17 ;113 ;98 ;103 ;47 ;92 ;136 ;108 ;20 ;184 ;92 ;74 ;95 ;84 ;116 ;59 ;76 ;91 ;147 ;147 ;44 ;42 ;var;15,33106; 18,19285; 3,88387; 5,11035; 310,70941; 655,35156; 1679,87496; 1846,88127; 357,52024; 12,46926; 12,46926; 19,41934; 2,04414; 6,54125; 5,11035; 12,46926; 3,67945; 18,80610; 9,60746; 16,14871; 5,11035; 6,33684; 9,40305; 2,45297; 18,60168; 14,92223; 16,14871; 7,15449; 3,88387; 18,39727; 3,88387; 16,76196; 5,51918; 3,06621; 12,87809; 8,17656; 10,83395; 13,28692; 10,83395; 5,11035; 20,03258; 16,14871; 19,41934; 15,73988; 18,60168; 6,54125; 5,51918; 7,56332; 17,17078; 8,58539; 11,44719; 7,76774; 16,35313; 2,65738; 4,70152; 12,26485; 11,03836; 15,12664; 17,98844; 16,55754; 3,27063; 14,10457; 15,53547; 19,41934; 3,67945; 16,35313; 18,19285; 11,44719; 6,54125; 5,11035; 9,81188; 12,26485; 7,56332; 11,85602; 15,73988; 19,21492; 20,44141; 5,51918; 17,78403; 
9; 396,10500;eval;377,96000;456,51000;218,75000;445,59000;458,85000;418,97000;;data;84 ;58 ;9679 ;10945 ;458 ;457 ;10668 ;121 ;147 ;136 ;140 ;128 ;177 ;81 ;135 ;90 ;70 ;71 ;126 ;121 ;161 ;109 ;134 ;68 ;85 ;143 ;86 ;175 ;136 ;119 ;98 ;23 ;82 ;121 ;115 ;-54 ;96 ;173 ;42 ;78 ;55 ;81 ;20 ;153 ;32 ;77 ;25 ;47 ;59 ;145 ;144 ;96 ;44 ;97 ;34 ;92 ;135 ;17 ;113 ;98 ;103 ;47 ;92 ;136 ;108 ;20 ;184 ;92 ;74 ;95 ;84 ;116 ;59 ;76 ;91 ;147 ;147 ;44 ;42 ;var;12,57147; 14,91814; 3,18477; 4,19049; 254,78172; 537,38828; 1377,49747; 1514,44264; 293,16659; 10,22479; 10,22479; 15,92386; 1,67620; 5,36383; 4,19049; 10,22479; 3,01715; 15,42100; 7,87812; 13,24194; 4,19049; 5,19621; 7,71050; 2,01143; 15,25338; 12,23623; 13,24194; 5,86668; 3,18477; 15,08576; 3,18477; 13,74480; 4,52573; 2,51429; 10,56003; 6,70478; 8,88384; 10,89527; 8,88384; 4,19049; 16,42672; 13,24194; 15,92386; 12,90671; 15,25338; 5,36383; 4,52573; 6,20192; 14,08004; 7,04002; 9,38669; 6,36954; 13,40956; 2,17905; 3,85525; 10,05717; 9,05146; 12,40385; 14,75052; 13,57718; 2,68191; 11,56575; 12,73909; 15,92386; 3,01715; 13,40956; 14,91814; 9,38669; 5,36383; 4,19049; 8,04574; 10,05717; 6,20192; 9,72193; 12,90671; 15,75624; 16,76196; 4,52573; 14,58290; 
10; 396,10500;eval;377,96000;456,51000;218,75000;445,59000;458,85000;418,97000;;data;84 ;58 ;9679 ;10945 ;458 ;457 ;10668 ;121 ;147 ;136 ;140 ;128 ;177 ;81 ;135 ;90 ;70 ;71 ;126 ;121 ;161 ;109 ;134 ;68 ;85 ;143 ;86 ;175 ;136 ;119 ;98 ;23 ;82 ;121 ;115 ;-54 ;96 ;173 ;42 ;78 ;55 ;81 ;20 ;153 ;32 ;77 ;25 ;47 ;59 ;145 ;144 ;96 ;44 ;97 ;34 ;92 ;135 ;17 ;113 ;98 ;103 ;47 ;92 ;136 ;108 ;20 ;184 ;92 ;74 ;95 ;84 ;116 ;59 ;76 ;91 ;147 ;147 ;44 ;42 ;var;10,30860; 12,23287; 2,61151; 3,43620; 208,92101; 440,65839; 1129,54792; 1241,84296; 240,39661; 8,38433; 8,38433; 13,05756; 1,37448; 4,39834; 3,43620; 8,38433; 2,47406; 12,64522; 6,46006; 10,85839; 3,43620; 4,26089; 6,32261; 1,64938; 12,50777; 10,03371; 10,85839; 4,81068; 2,61151; 12,37032; 2,61151; 11,27074; 3,71110; 2,06172; 8,65923; 5,49792; 7,28475; 8,93412; 7,28475; 3,43620; 13,46991; 10,85839; 13,05756; 10,58350; 12,50777; 4,39834; 3,71110; 5,08558; 11,54563; 5,77282; 7,69709; 5,22303; 10,99584; 1,78682; 3,16130; 8,24688; 7,42219; 10,17115; 12,09543; 11,13329; 2,19917; 9,48391; 10,44605; 13,05756; 2,47406; 10,99584; 12,23287; 7,69709; 4,39834; 3,43620; 6,59751; 8,24688; 5,08558; 7,97199; 10,58350; 12,92011; 13,74480; 3,71110; 11,95798; 
11; 396,10500;eval;377,96000;456,51000;218,75000;445,59000;458,85000;418,97000;;data;84 ;58 ;9679 ;10945 ;458 ;457 ;10668 ;121 ;147 ;136 ;140 ;128 ;177 ;81 ;135 ;90 ;70 ;71 ;126 ;121 ;161 ;109 ;134 ;68 ;85 ;143 ;86 ;175 ;136 ;119 ;98 ;23 ;82 ;121 ;115 ;-54 ;96 ;173 ;42 ;78 ;55 ;81 ;20 ;153 ;32 ;77 ;25 ;47 ;59 ;145 ;144 ;96 ;44 ;97 ;34 ;92 ;135 ;17 ;113 ;98 ;103 ;47 ;92 ;136 ;108 ;20 ;184 ;92 ;74 ;95 ;84 ;116 ;59 ;76 ;91 ;147 ;147 ;44 ;42 ;var;8,45305; 10,03096; 2,14144; 2,81768; 171,31523; 361,33988; 926,22930; 1018,31123; 197,12522; 6,87515; 6,87515; 10,70720; 1,12707; 3,60664; 2,81768; 6,87515; 2,02873; 10,36908; 5,29725; 8,90388; 2,81768; 3,49393; 5,18454; 1,35249; 10,25637; 8,22764; 8,90388; 3,94476; 2,14144; 10,14366; 2,14144; 9,24201; 3,04310; 1,69061; 7,10057; 4,50830; 5,97349; 7,32598; 5,97349; 2,81768; 11,04532; 8,90388; 10,70720; 8,67847; 10,25637; 3,60664; 3,04310; 4,17017; 9,46742; 4,73371; 6,31161; 4,28288; 9,01659; 1,46520; 2,59227; 6,76244; 6,08620; 8,34035; 9,91825; 9,12930; 1,80332; 7,77681; 8,56576; 10,70720; 2,02873; 9,01659; 10,03096; 6,31161; 3,60664; 2,81768; 5,40995; 6,76244; 4,17017; 6,53703; 8,67847; 10,59449; 11,27074; 3,04310; 9,80554; 
12; 396,10500;eval;377,96000;456,51000;218,75000;445,59000;458,85000;418,97000;;data;84 ;58 ;9679 ;10945 ;458 ;457 ;10668 ;121 ;147 ;136 ;140 ;128 ;177 ;81 ;135 ;90 ;70 ;71 ;126 ;121 ;161 ;109 ;134 ;68 ;85 ;143 ;86 ;175 ;136 ;119 ;98 ;23 ;82 ;121 ;115 ;-54 ;96 ;173 ;42 ;78 ;55 ;81 ;20 ;153 ;32 ;77 ;25 ;47 ;59 ;145 ;144 ;96 ;44 ;97 ;34 ;92 ;135 ;17 ;113 ;98 ;103 ;47 ;92 ;136 ;108 ;20 ;184 ;92 ;74 ;95 ;84 ;116 ;59 ;76 ;91 ;147 ;147 ;44 ;42 ;var;6,93150; 8,22539; 1,75598; 2,31050; 140,47849; 296,29870; 759,50802; 835,01521; 161,64268; 5,63762; 5,63762; 8,77991; 0,92420; 2,95744; 2,31050; 5,63762; 1,66356; 8,50265; 4,34374; 7,30118; 2,31050; 2,86502; 4,25132; 1,10904; 8,41023; 6,74666; 7,30118; 3,23470; 1,75598; 8,31781; 1,75598; 7,57844; 2,49534; 1,38630; 5,82246; 3,69680; 4,89826; 6,00730; 4,89826; 2,31050; 9,05717; 7,30118; 8,77991; 7,11634; 8,41023; 2,95744; 2,49534; 3,41954; 7,76328; 3,88164; 5,17552; 3,51196; 7,39360; 1,20146; 2,12566; 5,54520; 4,99068; 6,83908; 8,13296; 7,48602; 1,47872; 6,37698; 7,02392; 8,77991; 1,66356; 7,39360; 8,22539; 5,17552; 2,95744; 2,31050; 4,43616; 5,54520; 3,41954; 5,36036; 7,11634; 8,68749; 9,24201; 2,49534; 8,04054; 
13; 396,10500;eval;377,96000;456,51000;218,75000;445,59000;458,85000;418,97000;;data;84 ;58 ;9679 ;10945 ;458 ;457 ;10668 ;121 ;147 ;136 ;140 ;128 ;177 ;81 ;135 ;90 ;70 ;71 ;126 ;121 ;161 ;109 ;134 ;68 ;85 ;143 ;86 ;175 ;136 ;119 ;98 ;23 ;82 ;121 ;115 ;-54 ;96 ;173 ;42 ;78 ;55 ;81 ;20 ;153 ;32 ;77 ;25 ;47 ;59 ;145 ;144 ;96 ;44 ;97 ;34 ;92 ;135 ;17 ;113 ;98 ;103 ;47 ;92 ;136 ;108 ;20 ;184 ;92 ;74 ;95 ;84 ;116 ;59 ;76 ;91 ;147 ;147 ;44 ;42 ;var;5,68383; 6,74482; 1,43990; 1,89461; 115,19236; 242,96493; 622,79658; 684,71247; 132,54700; 4,62285; 4,62285; 7,19952; 0,75784; 2,42510; 1,89461; 4,62285; 1,36412; 6,97217; 3,56187; 5,98697; 1,89461; 2,34932; 3,48608; 0,90941; 6,89638; 5,53226; 5,98697; 2,65246; 1,43990; 6,82060; 1,43990; 6,21432; 2,04618; 1,13677; 4,77442; 3,03138; 4,01658; 4,92599; 4,01658; 1,89461; 7,42688; 5,98697; 7,19952; 5,83540; 6,89638; 2,42510; 2,04618; 2,80402; 6,36589; 3,18295; 4,24393; 2,87981; 6,06276; 0,98520; 1,74304; 4,54707; 4,09236; 5,60805; 6,66903; 6,13854; 1,21255; 5,22913; 5,75962; 7,19952; 1,36412; 6,06276; 6,74482; 4,24393; 2,42510; 1,89461; 3,63765; 4,54707; 2,80402; 4,39550; 5,83540; 7,12374; 7,57844; 2,04618; 6,59325; 
14; 396,10500;eval;377,96000;456,51000;218,75000;445,59000;458,85000;418,97000;;data;84 ;58 ;9679 ;10945 ;458 ;457 ;10668 ;121 ;147 ;136 ;140 ;128 ;177 ;81 ;135 ;90 ;70 ;71 ;126 ;121 ;161 ;109 ;134 ;68 ;85 ;143 ;86 ;175 ;136 ;119 ;98 ;23 ;82 ;121 ;115 ;-54 ;96 ;173 ;42 ;78 ;55 ;81 ;20 ;153 ;32 ;77 ;25 ;47 ;59 ;145 ;144 ;96 ;44 ;97 ;34 ;92 ;135 ;17 ;113 ;98 ;103 ;47 ;92 ;136 ;108 ;20 ;184 ;92 ;74 ;95 ;84 ;116 ;59 ;76 ;91 ;147 ;147 ;44 ;42 ;var;4,66074; 5,53075; 1,18072; 1,55358; 94,45773; 199,23125; 510,69319; 561,46423; 108,68854; 3,79074; 3,79074; 5,90361; 0,62143; 1,98858; 1,55358; 3,79074; 1,11858; 5,71718; 2,92073; 4,90932; 1,55358; 1,92644; 2,85859; 0,74572; 5,65504; 4,53646; 4,90932; 2,17501; 1,18072; 5,59289; 1,18072; 5,09575; 1,67787; 0,93215; 3,91502; 2,48573; 3,29359; 4,03931; 3,29359; 1,55358; 6,09004; 4,90932; 5,90361; 4,78503; 5,65504; 1,98858; 1,67787; 2,29930; 5,22003; 2,61002; 3,48002; 2,36144; 4,97146; 0,80786; 1,42929; 3,72859; 3,35574; 4,59860; 5,46861; 5,03360; 0,99429; 4,28788; 4,72289; 5,90361; 1,11858; 4,97146; 5,53075; 3,48002; 1,98858; 1,55358; 2,98288; 3,72859; 2,29930; 3,60431; 4,78503; 5,84147; 6,21432; 1,67787; 5,40646; 
15; 396,10500;eval;377,96000;456,51000;218,75000;445,59000;458,85000;418,97000;;data;84 ;58 ;9679 ;10945 ;458 ;457 ;10668 ;121 ;147 ;136 ;140 ;128 ;177 ;81 ;135 ;90 ;70 ;71 ;126 ;121 ;161 ;109 ;134 ;68 ;85 ;143 ;86 ;175 ;136 ;119 ;98 ;23 ;82 ;121 ;115 ;-54 ;96 ;173 ;42 ;78 ;55 ;81 ;20 ;153 ;32 ;77 ;25 ;47 ;59 ;145 ;144 ;96 ;44 ;97 ;34 ;92 ;135 ;17 ;113 ;98 ;103 ;47 ;92 ;136 ;108 ;20 ;184 ;92 ;74 ;95 ;84 ;116 ;59 ;76 ;91 ;147 ;147 ;44 ;42 ;var;3,82181; 4,53521; 0,96819; 1,27394; 77,45534; 163,36962; 418,76842; 460,40067; 89,12460; 3,10841; 3,10841; 4,84096; 0,50957; 1,63064; 1,27394; 3,10841; 0,91723; 4,68809; 2,39500; 4,02564; 1,27394; 1,57968; 2,34404; 0,61149; 4,63713; 3,71989; 4,02564; 1,78351; 0,96819; 4,58617; 0,96819; 4,17851; 1,37585; 0,76436; 3,21032; 2,03830; 2,70075; 3,31224; 2,70075; 1,27394; 4,99383; 4,02564; 4,84096; 3,92372; 4,63713; 1,63064; 1,37585; 1,88543; 4,28043; 2,14021; 2,85362; 1,93638; 4,07660; 0,66245; 1,17202; 3,05745; 2,75170; 3,77085; 4,48426; 4,12755; 0,81532; 3,51606; 3,87277; 4,84096; 0,91723; 4,07660; 4,53521; 2,85362; 1,63064; 1,27394; 2,44596; 3,05745; 1,88543; 2,95553; 3,92372; 4,79000; 5,09575; 1,37585; 4,43330; 
16; 396,10500;eval;377,96000;456,51000;218,75000;445,59000;458,85000;418,97000;;data;84 ;58 ;9679 ;10945 ;458 ;457 ;10668 ;121 ;147 ;136 ;140 ;128 ;177 ;81 ;135 ;90 ;70 ;71 ;126 ;121 ;161 ;109 ;134 ;68 ;85 ;143 ;86 ;175 ;136 ;119 ;98 ;23 ;82 ;121 ;115 ;-54 ;96 ;173 ;42 ;78 ;55 ;81 ;20 ;153 ;32 ;77 ;25 ;47 ;59 ;145 ;144 ;96 ;44 ;97 ;34 ;92 ;135 ;17 ;113 ;98 ;103 ;47 ;92 ;136 ;108 ;20 ;184 ;92 ;74 ;95 ;84 ;116 ;59 ;76 ;91 ;147 ;147 ;44 ;42 ;var;3,13388; 3,71888; 0,79392; 1,04463; 63,51338; 133,96309; 343,39010; 377,52855; 73,08217; 2,54889; 2,54889; 3,96959; 0,41785; 1,33712; 1,04463; 2,54889; 0,75213; 3,84423; 1,96390; 3,30102; 1,04463; 1,29534; 1,92212; 0,50142; 3,80245; 3,05031; 3,30102; 1,46248; 0,79392; 3,76066; 0,79392; 3,42638; 1,12820; 0,62678; 2,63246; 1,67140; 2,21461; 2,71603; 2,21461; 1,04463; 4,09494; 3,30102; 3,96959; 3,21745; 3,80245; 1,33712; 1,12820; 1,54605; 3,50995; 1,75497; 2,33997; 1,58783; 3,34281; 0,54321; 0,96106; 2,50711; 2,25640; 3,09210; 3,67709; 3,38459; 0,66856; 2,88317; 3,17567; 3,96959; 0,75213; 3,34281; 3,71888; 2,33997; 1,33712; 1,04463; 2,00569; 2,50711; 1,54605; 2,42354; 3,21745; 3,92780; 4,17851; 1,12820; 3,63531; 
17; 384,06833;eval;371,22000;478,38000;244,76000;440,70000;456,79000;312,56000;;data;83 ;53 ;9679 ;10944 ;410 ;581 ;10943 ;187 ;31 ;136 ;139 ;126 ;178 ;81 ;135 ;87 ;70 ;70 ;126 ;121 ;162 ;109 ;134 ;68 ;89 ;145 ;88 ;175 ;136 ;116 ;98 ;31 ;82 ;121 ;115 ;145 ;96 ;172 ;42 ;78 ;55 ;80 ;21 ;151 ;38 ;77 ;27 ;47 ;64 ;144 ;144 ;94 ;39 ;97 ;35 ;91 ;133 ;14 ;113 ;98 ;103 ;52 ;92 ;136 ;108 ;19 ;189 ;90 ;73 ;95 ;84 ;120 ;59 ;79 ;81 ;142 ;145 ;44 ;42 ;var;2,56978; 3,04948; 0,65101; 0,85659; 52,08097; 109,84973; 281,57989; 309,57341; 59,92738; 2,09009; 2,09009; 3,25506; 0,34264; 1,09644; 0,85659; 2,09009; 0,61675; 3,15227; 1,61040; 2,70684; 0,85659; 1,06218; 1,57613; 0,41117; 3,11801; 2,50126; 2,70684; 1,19923; 0,65101; 3,08374; 0,65101; 2,80963; 0,92512; 0,51396; 2,15862; 1,37055; 1,81598; 2,22715; 1,81598; 0,85659; 3,35785; 2,70684; 3,25506; 2,63831; 3,11801; 1,09644; 0,92512; 1,26776; 2,87816; 1,43908; 1,91877; 1,30202; 2,74110; 0,44543; 0,78807; 2,05583; 1,85025; 2,53552; 3,01521; 2,77537; 0,54822; 2,36420; 2,60405; 3,25506; 0,61675; 2,74110; 3,04948; 1,91877; 1,09644; 0,85659; 1,64466; 2,05583; 1,26776; 1,98730; 2,63831; 3,22080; 3,42638; 0,92512; 2,98095; 
18; 384,06833;eval;371,22000;478,38000;244,76000;440,70000;456,79000;312,56000;;data;83 ;53 ;9679 ;10944 ;410 ;581 ;10943 ;187 ;31 ;136 ;139 ;126 ;178 ;81 ;135 ;87 ;70 ;70 ;126 ;121 ;162 ;109 ;134 ;68 ;89 ;145 ;88 ;175 ;136 ;116 ;98 ;31 ;82 ;121 ;115 ;145 ;96 ;172 ;42 ;78 ;55 ;80 ;21 ;151 ;38 ;77 ;27 ;47 ;64 ;144 ;144 ;94 ;39 ;97 ;35 ;91 ;133 ;14 ;113 ;98 ;103 ;52 ;92 ;136 ;108 ;19 ;189 ;90 ;73 ;95 ;84 ;120 ;59 ;79 ;81 ;142 ;145 ;44 ;42 ;var;2,10722; 2,50057; 0,53383; 0,70241; 42,70640; 90,07678; 230,89551; 253,85019; 49,14045; 1,71388; 1,71388; 2,66915; 0,28096; 0,89908; 0,70241; 1,71388; 0,50573; 2,58486; 1,32053; 2,21961; 0,70241; 0,87099; 1,29243; 0,33716; 2,55676; 2,05103; 2,21961; 0,98337; 0,53383; 2,52867; 0,53383; 2,30390; 0,75860; 0,42144; 1,77007; 1,12385; 1,48910; 1,82626; 1,48910; 0,70241; 2,75344; 2,21961; 2,66915; 2,16342; 2,55676; 0,89908; 0,75860; 1,03956; 2,36009; 1,18005; 1,57339; 1,06766; 2,24771; 0,36525; 0,64622; 1,68578; 1,51720; 2,07913; 2,47248; 2,27580; 0,44954; 1,93865; 2,13532; 2,66915; 0,50573; 2,24771; 2,50057; 1,57339; 0,89908; 0,70241; 1,34862; 1,68578; 1,03956; 1,62959; 2,16342; 2,64105; 2,80963; 0,75860; 2,44438; 
19; 384,06833;eval;371,22000;478,38000;244,76000;440,70000;456,79000;312,56000;;data;83 ;53 ;9679 ;10944 ;410 ;581 ;10943 ;187 ;31 ;136 ;139 ;126 ;178 ;81 ;135 ;87 ;70 ;70 ;126 ;121 ;162 ;109 ;134 ;68 ;89 ;145 ;88 ;175 ;136 ;116 ;98 ;31 ;82 ;121 ;115 ;145 ;96 ;172 ;42 ;78 ;55 ;80 ;21 ;151 ;38 ;77 ;27 ;47 ;64 ;144 ;144 ;94 ;39 ;97 ;35 ;91 ;133 ;14 ;113 ;98 ;103 ;52 ;92 ;136 ;108 ;19 ;189 ;90 ;73 ;95 ;84 ;120 ;59 ;79 ;81 ;142 ;145 ;44 ;42 ;var;1,72792; 2,05047; 0,43774; 0,57597; 35,01925; 73,86296; 189,33431; 208,15716; 40,29517; 1,40538; 1,40538; 2,18870; 0,23039; 0,73725; 0,57597; 1,40538; 0,41470; 2,11959; 1,08283; 1,82008; 0,57597; 0,71421; 1,05979; 0,27647; 2,09655; 1,68185; 1,82008; 0,80636; 0,43774; 2,07351; 0,43774; 1,88920; 0,62205; 0,34558; 1,45146; 0,92156; 1,22107; 1,49753; 1,22107; 0,57597; 2,25782; 1,82008; 2,18870; 1,77400; 2,09655; 0,73725; 0,62205; 0,85244; 1,93527; 0,96764; 1,29018; 0,87548; 1,84312; 0,29951; 0,52990; 1,38234; 1,24410; 1,70488; 2,02743; 1,86616; 0,36862; 1,58969; 1,75096; 2,18870; 0,41470; 1,84312; 2,05047; 1,29018; 0,73725; 0,57597; 1,10587; 1,38234; 0,85244; 1,33626; 1,77400; 2,16566; 2,30390; 0,62205; 2,00439; 
20; 384,06833;eval;371,22000;478,38000;244,76000;440,70000;456,79000;312,56000;;data;83 ;53 ;9679 ;10944 ;410 ;581 ;10943 ;187 ;31 ;136 ;139 ;126 ;178 ;81 ;135 ;87 ;70 ;70 ;126 ;121 ;162 ;109 ;134 ;68 ;89 ;145 ;88 ;175 ;136 ;116 ;98 ;31 ;82 ;121 ;115 ;145 ;96 ;172 ;42 ;78 ;55 ;80 ;21 ;151 ;38 ;77 ;27 ;47 ;64 ;144 ;144 ;94 ;39 ;97 ;35 ;91 ;133 ;14 ;113 ;98 ;103 ;52 ;92 ;136 ;108 ;19 ;189 ;90 ;73 ;95 ;84 ;120 ;59 ;79 ;81 ;142 ;145 ;44 ;42 ;var;1,41690; 1,68138; 0,35895; 0,47230; 28,71578; 60,56763; 155,25414; 170,68887; 33,04204; 1,15241; 1,15241; 1,79474; 0,18892; 0,60454; 0,47230; 1,15241; 0,34006; 1,73806; 0,88792; 1,49246; 0,47230; 0,58565; 0,86903; 0,22670; 1,71917; 1,37911; 1,49246; 0,66122; 0,35895; 1,70028; 0,35895; 1,54914; 0,51008; 0,28338; 1,19019; 0,75568; 1,00127; 1,22798; 1,00127; 0,47230; 1,85141; 1,49246; 1,79474; 1,45468; 1,71917; 0,60454; 0,51008; 0,69900; 1,58692; 0,79346; 1,05795; 0,71789; 1,51136; 0,24560; 0,43452; 1,13352; 1,02017; 1,39801; 1,66249; 1,53025; 0,30227; 1,30355; 1,43579; 1,79474; 0,34006; 1,51136; 1,68138; 1,05795; 0,60454; 0,47230; 0,90681; 1,13352; 0,69900; 1,09573; 1,45468; 1,77584; 1,88920; 0,51008; 1,64360; 
21; 384,06833;eval;371,22000;478,38000;244,76000;440,70000;456,79000;312,56000;;data;83 ;53 ;9679 ;10944 ;410 ;581 ;10943 ;187 ;31 ;136 ;139 ;126 ;178 ;81 ;135 ;87 ;70 ;70 ;126 ;121 ;162 ;109 ;134 ;68 ;89 ;145 ;88 ;175 ;136 ;116 ;98 ;31 ;82 ;121 ;115 ;145 ;96 ;172 ;42 ;78 ;55 ;80 ;21 ;151 ;38 ;77 ;27 ;47 ;64 ;144 ;144 ;94 ;39 ;97 ;35 ;91 ;133 ;14 ;113 ;98 ;103 ;52 ;92 ;136 ;108 ;19 ;189 ;90 ;73 ;95 ;84 ;120 ;59 ;79 ;81 ;142 ;145 ;44 ;42 ;var;1,16186; 1,37874; 0,29434; 0,38729; 23,54694; 49,66545; 127,30839; 139,96487; 27,09447; 0,94498; 0,94498; 1,47168; 0,15491; 0,49573; 0,38729; 0,94498; 0,27885; 1,42521; 0,72810; 1,22382; 0,38729; 0,48023; 0,71260; 0,18590; 1,40972; 1,13087; 1,22382; 0,54220; 0,29434; 1,39423; 0,29434; 1,27030; 0,41827; 0,23237; 0,97596; 0,61966; 0,82104; 1,00694; 0,82104; 0,38729; 1,51816; 1,22382; 1,47168; 1,19284; 1,40972; 0,49573; 0,41827; 0,57318; 1,30128; 0,65064; 0,86752; 0,58867; 1,23931; 0,20139; 0,35630; 0,92948; 0,83654; 1,14636; 1,36324; 1,25480; 0,24786; 1,06891; 1,17735; 1,47168; 0,27885; 1,23931; 1,37874; 0,86752; 0,49573; 0,38729; 0,74359; 0,92948; 0,57318; 0,89850; 1,19284; 1,45619; 1,54914; 0,41827; 1,34775; 
22; 384,06833;eval;371,22000;478,38000;244,76000;440,70000;456,79000;312,56000;;data;83 ;53 ;9679 ;10944 ;410 ;581 ;10943 ;187 ;31 ;136 ;139 ;126 ;178 ;81 ;135 ;87 ;70 ;70 ;126 ;121 ;162 ;109 ;134 ;68 ;89 ;145 ;88 ;175 ;136 ;116 ;98 ;31 ;82 ;121 ;115 ;145 ;96 ;172 ;42 ;78 ;55 ;80 ;21 ;151 ;38 ;77 ;27 ;47 ;64 ;144 ;144 ;94 ;39 ;97 ;35 ;91 ;133 ;14 ;113 ;98 ;103 ;52 ;92 ;136 ;108 ;19 ;189 ;90 ;73 ;95 ;84 ;120 ;59 ;79 ;81 ;142 ;145 ;44 ;42 ;var;0,95272; 1,13056; 0,24136; 0,31757; 19,30849; 40,72567; 104,39288; 114,77120; 22,21747; 0,77488; 0,77488; 1,20678; 0,12703; 0,40649; 0,31757; 0,77488; 0,22865; 1,16867; 0,59704; 1,00353; 0,31757; 0,39379; 0,58434; 0,15244; 1,15597; 0,92732; 1,00353; 0,44460; 0,24136; 1,14327; 0,24136; 1,04164; 0,34298; 0,19054; 0,80029; 0,50812; 0,67326; 0,82569; 0,67326; 0,31757; 1,24489; 1,00353; 1,20678; 0,97813; 1,15597; 0,40649; 0,34298; 0,47001; 1,06705; 0,53352; 0,71137; 0,48271; 1,01624; 0,16514; 0,29217; 0,76218; 0,68596; 0,94002; 1,11786; 1,02894; 0,20325; 0,87650; 0,96542; 1,20678; 0,22865; 1,01624; 1,13056; 0,71137; 0,40649; 0,31757; 0,60974; 0,76218; 0,47001; 0,73677; 0,97813; 1,19408; 1,27030; 0,34298; 1,10516; 
23; 384,06833;eval;371,22000;478,38000;244,76000;440,70000;456,79000;312,56000;;data;83 ;53 ;9679 ;10944 ;410 ;581 ;10943 ;187 ;31 ;136 ;139 ;126 ;178 ;81 ;135 ;87 ;70 ;70 ;126 ;121 ;162 ;109 ;134 ;68 ;89 ;145 ;88 ;175 ;136 ;116 ;98 ;31 ;82 ;121 ;115 ;145 ;96 ;172 ;42 ;78 ;55 ;80 ;21 ;151 ;38 ;77 ;27 ;47 ;64 ;144 ;144 ;94 ;39 ;97 ;35 ;91 ;133 ;14 ;113 ;98 ;103 ;52 ;92 ;136 ;108 ;19 ;189 ;90 ;73 ;95 ;84 ;120 ;59 ;79 ;81 ;142 ;145 ;44 ;42 ;var;0,78123; 0,92706; 0,19791; 0,26041; 15,83296; 33,39505; 85,60216; 94,11238; 18,21832; 0,63540; 0,63540; 0,98956; 0,10416; 0,33333; 0,26041; 0,63540; 0,18750; 0,95831; 0,48957; 0,82290; 0,26041; 0,32291; 0,47916; 0,12500; 0,94789; 0,76040; 0,82290; 0,36457; 0,19791; 0,93748; 0,19791; 0,85415; 0,28124; 0,15625; 0,65623; 0,41666; 0,55207; 0,67707; 0,55207; 0,26041; 1,02081; 0,82290; 0,98956; 0,80206; 0,94789; 0,33333; 0,28124; 0,38541; 0,87498; 0,43749; 0,58332; 0,39582; 0,83331; 0,13541; 0,23958; 0,62499; 0,56249; 0,77082; 0,91665; 0,84373; 0,16666; 0,71873; 0,79165; 0,98956; 0,18750; 0,83331; 0,92706; 0,58332; 0,33333; 0,26041; 0,49999; 0,62499; 0,38541; 0,60415; 0,80206; 0,97914; 1,04164; 0,28124; 0,90623; 
24; 384,06833;eval;371,22000;478,38000;244,76000;440,70000;456,79000;312,56000;;data;83 ;53 ;9679 ;10944 ;410 ;581 ;10943 ;187 ;31 ;136 ;139 ;126 ;178 ;81 ;135 ;87 ;70 ;70 ;126 ;121 ;162 ;109 ;134 ;68 ;89 ;145 ;88 ;175 ;136 ;116 ;98 ;31 ;82 ;121 ;115 ;145 ;96 ;172 ;42 ;78 ;55 ;80 ;21 ;151 ;38 ;77 ;27 ;47 ;64 ;144 ;144 ;94 ;39 ;97 ;35 ;91 ;133 ;14 ;113 ;98 ;103 ;52 ;92 ;136 ;108 ;19 ;189 ;90 ;73 ;95 ;84 ;120 ;59 ;79 ;81 ;142 ;145 ;44 ;42 ;var;0,64061; 0,76019; 0,16229; 0,21354; 12,98303; 27,38394; 70,19377; 77,17215; 14,93903; 0,52103; 0,52103; 0,81144; 0,08541; 0,27333; 0,21354; 0,52103; 0,15375; 0,78581; 0,40145; 0,67478; 0,21354; 0,26479; 0,39291; 0,10250; 0,77727; 0,62353; 0,67478; 0,29895; 0,16229; 0,76873; 0,16229; 0,70040; 0,23062; 0,12812; 0,53811; 0,34166; 0,45270; 0,55520; 0,45270; 0,21354; 0,83706; 0,67478; 0,81144; 0,65769; 0,77727; 0,27333; 0,23062; 0,31603; 0,71748; 0,35874; 0,47832; 0,32458; 0,68332; 0,11104; 0,19645; 0,51249; 0,46124; 0,63207; 0,75165; 0,69186; 0,13666; 0,58936; 0,64915; 0,81144; 0,15375; 0,68332; 0,76019; 0,47832; 0,27333; 0,21354; 0,40999; 0,51249; 0,31603; 0,49541; 0,65769; 0,80290; 0,85415; 0,23062; 0,74311; 
25; 384,06833;eval;371,22000;478,38000;244,76000;440,70000;456,79000;312,56000;;data;83 ;53 ;9679 ;10944 ;410 ;581 ;10943 ;187 ;31 ;136 ;139 ;126 ;178 ;81 ;135 ;87 ;70 ;70 ;126 ;121 ;162 ;109 ;134 ;68 ;89 ;145 ;88 ;175 ;136 ;116 ;98 ;31 ;82 ;121 ;115 ;145 ;96 ;172 ;42 ;78 ;55 ;80 ;21 ;151 ;38 ;77 ;27 ;47 ;64 ;144 ;144 ;94 ;39 ;97 ;35 ;91 ;133 ;14 ;113 ;98 ;103 ;52 ;92 ;136 ;108 ;19 ;189 ;90 ;73 ;95 ;84 ;120 ;59 ;79 ;81 ;142 ;145 ;44 ;42 ;var;0,52530; 0,62336; 0,13308; 0,17510; 10,64608; 22,45483; 57,55889; 63,28117; 12,25000; 0,42724; 0,42724; 0,66538; 0,07004; 0,22413; 0,17510; 0,42724; 0,12607; 0,64437; 0,32919; 0,55332; 0,17510; 0,21712; 0,32218; 0,08405; 0,63736; 0,51129; 0,55332; 0,24514; 0,13308; 0,63036; 0,13308; 0,57433; 0,18911; 0,10506; 0,44125; 0,28016; 0,37121; 0,45526; 0,37121; 0,17510; 0,68639; 0,55332; 0,66538; 0,53931; 0,63736; 0,22413; 0,18911; 0,25915; 0,58834; 0,29417; 0,39222; 0,26615; 0,56032; 0,09105; 0,16109; 0,42024; 0,37822; 0,51830; 0,61635; 0,56732; 0,11206; 0,48328; 0,53230; 0,66538; 0,12607; 0,56032; 0,62336; 0,39222; 0,22413; 0,17510; 0,33619; 0,42024; 0,25915; 0,40623; 0,53931; 0,65838; 0,70040; 0,18911; 0,60935; 
26; 384,06833;eval;371,22000;478,38000;244,76000;440,70000;456,79000;312,56000;;data;83 ;53 ;9679 ;10944 ;410 ;581 ;10943 ;187 ;31 ;136 ;139 ;126 ;178 ;81 ;135 ;87 ;70 ;70 ;126 ;121 ;162 ;109 ;134 ;68 ;89 ;145 ;88 ;175 ;136 ;116 ;98 ;31 ;82 ;121 ;115 ;145 ;96 ;172 ;42 ;78 ;55 ;80 ;21 ;151 ;38 ;77 ;27 ;47 ;64 ;144 ;144 ;94 ;39 ;97 ;35 ;91 ;133 ;14 ;113 ;98 ;103 ;52 ;92 ;136 ;108 ;19 ;189 ;90 ;73 ;95 ;84 ;120 ;59 ;79 ;81 ;142 ;145 ;44 ;42 ;var;0,43075; 0,51115; 0,10912; 0,14358; 8,72979; 18,41296; 47,19829; 51,89056; 10,04500; 0,35034; 0,35034; 0,54561; 0,05743; 0,18379; 0,14358; 0,35034; 0,10338; 0,52838; 0,26993; 0,45372; 0,14358; 0,17804; 0,26419; 0,06892; 0,52264; 0,41926; 0,45372; 0,20101; 0,10912; 0,51690; 0,10912; 0,47095; 0,15507; 0,08615; 0,36183; 0,22973; 0,30439; 0,37331; 0,30439; 0,14358; 0,56284; 0,45372; 0,54561; 0,44223; 0,52264; 0,18379; 0,15507; 0,21250; 0,48244; 0,24122; 0,32162; 0,21824; 0,45946; 0,07466; 0,13210; 0,34460; 0,31014; 0,42500; 0,50541; 0,46521; 0,09189; 0,39629; 0,43649; 0,54561; 0,10338; 0,45946; 0,51115; 0,32162; 0,18379; 0,14358; 0,27568; 0,34460; 0,21250; 0,33311; 0,44223; 0,53987; 0,57433; 0,15507; 0,49967; 
27; 384,06833;eval;371,22000;478,38000;244,76000;440,70000;456,79000;312,56000;;data;83 ;53 ;9679 ;10944 ;410 ;581 ;10943 ;187 ;31 ;136 ;139 ;126 ;178 ;81 ;135 ;87 ;70 ;70 ;126 ;121 ;162 ;109 ;134 ;68 ;89 ;145 ;88 ;175 ;136 ;116 ;98 ;31 ;82 ;121 ;115 ;145 ;96 ;172 ;42 ;78 ;55 ;80 ;21 ;151 ;38 ;77 ;27 ;47 ;64 ;144 ;144 ;94 ;39 ;97 ;35 ;91 ;133 ;14 ;113 ;98 ;103 ;52 ;92 ;136 ;108 ;19 ;189 ;90 ;73 ;95 ;84 ;120 ;59 ;79 ;81 ;142 ;145 ;44 ;42 ;var;0,35321; 0,41914; 0,08948; 0,11774; 7,15843; 15,09863; 38,70260; 42,55026; 8,23690; 0,28728; 0,28728; 0,44740; 0,04709; 0,15070; 0,11774; 0,28728; 0,08477; 0,43327; 0,22135; 0,37205; 0,11774; 0,14599; 0,21664; 0,05651; 0,42856; 0,34379; 0,37205; 0,16483; 0,08948; 0,42385; 0,08948; 0,38618; 0,12716; 0,07064; 0,29670; 0,18838; 0,24960; 0,30612; 0,24960; 0,11774; 0,46153; 0,37205; 0,44740; 0,36263; 0,42856; 0,15070; 0,12716; 0,17425; 0,39560; 0,19780; 0,26373; 0,17896; 0,37676; 0,06122; 0,10832; 0,28257; 0,25431; 0,34850; 0,41444; 0,38147; 0,07535; 0,32495; 0,35792; 0,44740; 0,08477; 0,37676; 0,41914; 0,26373; 0,15070; 0,11774; 0,22606; 0,28257; 0,17425; 0,27315; 0,36263; 0,44269; 0,47095; 0,12716; 0,40973; 
28; 384,06833;eval;371,22000;478,38000;244,76000;440,70000;456,79000;312,56000;;data;83 ;53 ;9679 ;10944 ;410 ;581 ;10943 ;187 ;31 ;136 ;139 ;126 ;178 ;81 ;135 ;87 ;70 ;70 ;126 ;121 ;162 ;109 ;134 ;68 ;89 ;145 ;88 ;175 ;136 ;116 ;98 ;31 ;82 ;121 ;115 ;145 ;96 ;172 ;42 ;78 ;55 ;80 ;21 ;151 ;38 ;77 ;27 ;47 ;64 ;144 ;144 ;94 ;39 ;97 ;35 ;91 ;133 ;14 ;113 ;98 ;103 ;52 ;92 ;136 ;108 ;19 ;189 ;90 ;73 ;95 ;84 ;120 ;59 ;79 ;81 ;142 ;145 ;44 ;42 ;var;0,28963; 0,34370; 0,07337; 0,09654; 5,86991; 12,38088; 31,73613; 34,89121; 6,75426; 0,23557; 0,23557; 0,36687; 0,03862; 0,12358; 0,09654; 0,23557; 0,06951; 0,35528; 0,18150; 0,30508; 0,09654; 0,11972; 0,17764; 0,04634; 0,35142; 0,28191; 0,30508; 0,13516; 0,07337; 0,34756; 0,07337; 0,31667; 0,10427; 0,05793; 0,24329; 0,15447; 0,20467; 0,25102; 0,20467; 0,09654; 0,37845; 0,30508; 0,36687; 0,29736; 0,35142; 0,12358; 0,10427; 0,14289; 0,32439; 0,16219; 0,21626; 0,14675; 0,30894; 0,05020; 0,08882; 0,23171; 0,20854; 0,28577; 0,33984; 0,31280; 0,06179; 0,26646; 0,29350; 0,36687; 0,06951; 0,30894; 0,34370; 0,21626; 0,12358; 0,09654; 0,18537; 0,23171; 0,14289; 0,22398; 0,29736; 0,36301; 0,38618; 0,10427; 0,33598; 
29; 384,06833;eval;371,22000;478,38000;244,76000;440,70000;456,79000;312,56000;;data;83 ;53 ;9679 ;10944 ;410 ;581 ;10943 ;187 ;31 ;136 ;139 ;126 ;178 ;81 ;135 ;87 ;70 ;70 ;126 ;121 ;162 ;109 ;134 ;68 ;89 ;145 ;88 ;175 ;136 ;116 ;98 ;31 ;82 ;121 ;115 ;145 ;96 ;172 ;42 ;78 ;55 ;80 ;21 ;151 ;38 ;77 ;27 ;47 ;64 ;144 ;144 ;94 ;39 ;97 ;35 ;91 ;133 ;14 ;113 ;98 ;103 ;52 ;92 ;136 ;108 ;19 ;189 ;90 ;73 ;95 ;84 ;120 ;59 ;79 ;81 ;142 ;145 ;44 ;42 ;var;0,23750; 0,28183; 0,06017; 0,07917; 4,81333; 10,15232; 26,02363; 28,61079; 5,53849; 0,19317; 0,19317; 0,30083; 0,03167; 0,10133; 0,07917; 0,19317; 0,05700; 0,29133; 0,14883; 0,25017; 0,07917; 0,09817; 0,14567; 0,03800; 0,28817; 0,23117; 0,25017; 0,11083; 0,06017; 0,28500; 0,06017; 0,25967; 0,08550; 0,04750; 0,19950; 0,12667; 0,16783; 0,20583; 0,16783; 0,07917; 0,31033; 0,25017; 0,30083; 0,24383; 0,28817; 0,10133; 0,08550; 0,11717; 0,26600; 0,13300; 0,17733; 0,12033; 0,25333; 0,04117; 0,07283; 0,19000; 0,17100; 0,23433; 0,27867; 0,25650; 0,05067; 0,21850; 0,24067; 0,30083; 0,05700; 0,25333; 0,28183; 0,17733; 0,10133; 0,07917; 0,15200; 0,19000; 0,11717; 0,18367; 0,24383; 0,29767; 0,31667; 0,08550; 0,27550; 
30; 384,06833;eval;371,22000;478,38000;244,76000;440,70000;456,79000;312,56000;;data;83 ;53 ;9679 ;10944 ;410 ;581 ;10943 ;187 ;31 ;136 ;139 ;126 ;178 ;81 ;135 ;87 ;70 ;70 ;126 ;121 ;162 ;109 ;134 ;68 ;89 ;145 ;88 ;175 ;136 ;116 ;98 ;31 ;82 ;121 ;115 ;145 ;96 ;172 ;42 ;78 ;55 ;80 ;21 ;151 ;38 ;77 ;27 ;47 ;64 ;144 ;144 ;94 ;39 ;97 ;35 ;91 ;133 ;14 ;113 ;98 ;103 ;52 ;92 ;136 ;108 ;19 ;189 ;90 ;73 ;95 ;84 ;120 ;59 ;79 ;81 ;142 ;145 ;44 ;42 ;var;0,19475; 0,23110; 0,04934; 0,06492; 3,94693; 8,32490; 21,33938; 23,46085; 4,54156; 0,15840; 0,15840; 0,24668; 0,02597; 0,08309; 0,06492; 0,15840; 0,04674; 0,23889; 0,12204; 0,20514; 0,06492; 0,08050; 0,11945; 0,03116; 0,23630; 0,18956; 0,20514; 0,09088; 0,04934; 0,23370; 0,04934; 0,21293; 0,07011; 0,03895; 0,16359; 0,10387; 0,13762; 0,16878; 0,13762; 0,06492; 0,25447; 0,20514; 0,24668; 0,19994; 0,23630; 0,08309; 0,07011; 0,09608; 0,21812; 0,10906; 0,14541; 0,09867; 0,20773; 0,03376; 0,05972; 0,15580; 0,14022; 0,19215; 0,22851; 0,21033; 0,04155; 0,17917; 0,19735; 0,24668; 0,04674; 0,20773; 0,23110; 0,14541; 0,08309; 0,06492; 0,12464; 0,15580; 0,09608; 0,15061; 0,19994; 0,24409; 0,25967; 0,07011; 0,22591; 
31; 384,06833;eval;371,22000;478,38000;244,76000;440,70000;456,79000;312,56000;;data;83 ;53 ;9679 ;10944 ;410 ;581 ;10943 ;187 ;31 ;136 ;139 ;126 ;178 ;81 ;135 ;87 ;70 ;70 ;126 ;121 ;162 ;109 ;134 ;68 ;89 ;145 ;88 ;175 ;136 ;116 ;98 ;31 ;82 ;121 ;115 ;145 ;96 ;172 ;42 ;78 ;55 ;80 ;21 ;151 ;38 ;77 ;27 ;47 ;64 ;144 ;144 ;94 ;39 ;97 ;35 ;91 ;133 ;14 ;113 ;98 ;103 ;52 ;92 ;136 ;108 ;19 ;189 ;90 ;73 ;95 ;84 ;120 ;59 ;79 ;81 ;142 ;145 ;44 ;42 ;var;0,15969; 0,18950; 0,04046; 0,05323; 3,23648; 6,82642; 17,49829; 19,23790; 3,72408; 0,12989; 0,12989; 0,20228; 0,02129; 0,06814; 0,05323; 0,12989; 0,03833; 0,19589; 0,10008; 0,16821; 0,05323; 0,06601; 0,09795; 0,02555; 0,19376; 0,15544; 0,16821; 0,07452; 0,04046; 0,19163; 0,04046; 0,17460; 0,05749; 0,03194; 0,13414; 0,08517; 0,11285; 0,13840; 0,11285; 0,05323; 0,20867; 0,16821; 0,20228; 0,16395; 0,19376; 0,06814; 0,05749; 0,07878; 0,17886; 0,08943; 0,11924; 0,08091; 0,17034; 0,02768; 0,04897; 0,12776; 0,11498; 0,15757; 0,18738; 0,17247; 0,03407; 0,14692; 0,16182; 0,20228; 0,03833; 0,17034; 0,18950; 0,11924; 0,06814; 0,05323; 0,10220; 0,12776; 0,07878; 0,12350; 0,16395; 0,20015; 0,21293; 0,05749; 0,18525; 
32; 384,06833;eval;371,22000;478,38000;244,76000;440,70000;456,79000;312,56000;;data;83 ;53 ;9679 ;10944 ;410 ;581 ;10943 ;187 ;31 ;136 ;139 ;126 ;178 ;81 ;135 ;87 ;70 ;70 ;126 ;121 ;162 ;109 ;134 ;68 ;89 ;145 ;88 ;175 ;136 ;116 ;98 ;31 ;82 ;121 ;115 ;145 ;96 ;172 ;42 ;78 ;55 ;80 ;21 ;151 ;38 ;77 ;27 ;47 ;64 ;144 ;144 ;94 ;39 ;97 ;35 ;91 ;133 ;14 ;113 ;98 ;103 ;52 ;92 ;136 ;108 ;19 ;189 ;90 ;73 ;95 ;84 ;120 ;59 ;79 ;81 ;142 ;145 ;44 ;42 ;var;0,13095; 0,15539; 0,03317; 0,04365; 2,65391; 5,59766; 14,34860; 15,77508; 3,05375; 0,10651; 0,10651; 0,16587; 0,01746; 0,05587; 0,04365; 0,10651; 0,03143; 0,16063; 0,08206; 0,13793; 0,04365; 0,05413; 0,08032; 0,02095; 0,15889; 0,12746; 0,13793; 0,06111; 0,03317; 0,15714; 0,03317; 0,14317; 0,04714; 0,02619; 0,11000; 0,06984; 0,09254; 0,11349; 0,09254; 0,04365; 0,17111; 0,13793; 0,16587; 0,13444; 0,15889; 0,05587; 0,04714; 0,06460; 0,14666; 0,07333; 0,09778; 0,06635; 0,13968; 0,02270; 0,04016; 0,10476; 0,09428; 0,12920; 0,15365; 0,14143; 0,02794; 0,12047; 0,13270; 0,16587; 0,03143; 0,13968; 0,15539; 0,09778; 0,05587; 0,04365; 0,08381; 0,10476; 0,06460; 0,10127; 0,13444; 0,16412; 0,17460; 0,04714; 0,15190; 
33; 384,06833;eval;371,22000;478,38000;244,76000;440,70000;456,79000;312,56000;;data;83 ;53 ;9679 ;10944 ;410 ;581 ;10943 ;187 ;31 ;136 ;139 ;126 ;178 ;81 ;135 ;87 ;70 ;70 ;126 ;121 ;162 ;109 ;134 ;68 ;89 ;145 ;88 ;175 ;136 ;116 ;98 ;31 ;82 ;121 ;115 ;145 ;96 ;172 ;42 ;78 ;55 ;80 ;21 ;151 ;38 ;77 ;27 ;47 ;64 ;144 ;144 ;94 ;39 ;97 ;35 ;91 ;133 ;14 ;113 ;98 ;103 ;52 ;92 ;136 ;108 ;19 ;189 ;90 ;73 ;95 ;84 ;120 ;59 ;79 ;81 ;142 ;145 ;44 ;42 ;var;0,10738; 0,12742; 0,02720; 0,03579; 2,17621; 4,59008; 11,76585; 12,93556; 2,50407; 0,08733; 0,08733; 0,13601; 0,01432; 0,04581; 0,03579; 0,08733; 0,02577; 0,13172; 0,06729; 0,11311; 0,03579; 0,04438; 0,06586; 0,01718; 0,13029; 0,10452; 0,11311; 0,05011; 0,02720; 0,12885; 0,02720; 0,11740; 0,03866; 0,02148; 0,09020; 0,05727; 0,07588; 0,09306; 0,07588; 0,03579; 0,14031; 0,11311; 0,13601; 0,11024; 0,13029; 0,04581; 0,03866; 0,05297; 0,12026; 0,06013; 0,08018; 0,05441; 0,11454; 0,01861; 0,03293; 0,08590; 0,07731; 0,10595; 0,12599; 0,11597; 0,02291; 0,09879; 0,10881; 0,13601; 0,02577; 0,11454; 0,12742; 0,08018; 0,04581; 0,03579; 0,06872; 0,08590; 0,05297; 0,08304; 0,11024; 0,13458; 0,14317; 0,03866; 0,12456; 
34; 377,95500;eval;367,61000;471,90000;247,22000;445,27000;441,53000;294,20000;;data;83 ;53 ;9679 ;10944 ;409 ;579 ;10963 ;200 ;34 ;136 ;139 ;126 ;178 ;81 ;135 ;87 ;70 ;70 ;126 ;121 ;162 ;109 ;134 ;68 ;89 ;145 ;88 ;175 ;136 ;116 ;98 ;31 ;82 ;121 ;115 ;145 ;96 ;172 ;42 ;78 ;55 ;80 ;21 ;151 ;38 ;77 ;27 ;47 ;64 ;144 ;144 ;94 ;39 ;97 ;35 ;91 ;133 ;14 ;113 ;98 ;103 ;52 ;92 ;136 ;108 ;19 ;189 ;90 ;73 ;95 ;84 ;120 ;59 ;79 ;81 ;142 ;145 ;44 ;42 ;var;0,08805; 0,10449; 0,02231; 0,02935; 1,78449; 3,76387; 9,64800; 10,60716; 2,05334; 0,07161; 0,07161; 0,11153; 0,01174; 0,03757; 0,02935; 0,07161; 0,02113; 0,10801; 0,05518; 0,09275; 0,02935; 0,03639; 0,05400; 0,01409; 0,10683; 0,08570; 0,09275; 0,04109; 0,02231; 0,10566; 0,02231; 0,09627; 0,03170; 0,01761; 0,07396; 0,04696; 0,06222; 0,07631; 0,06222; 0,02935; 0,11505; 0,09275; 0,11153; 0,09040; 0,10683; 0,03757; 0,03170; 0,04344; 0,09862; 0,04931; 0,06574; 0,04461; 0,09392; 0,01526; 0,02700; 0,07044; 0,06340; 0,08688; 0,10331; 0,09509; 0,01878; 0,08101; 0,08922; 0,11153; 0,02113; 0,09392; 0,10449; 0,06574; 0,03757; 0,02935; 0,05635; 0,07044; 0,04344; 0,06809; 0,09040; 0,11036; 0,11740; 0,03170; 0,10214; 
35; 377,95500;eval;367,61000;471,90000;247,22000;445,27000;441,53000;294,20000;;data;83 ;53 ;9679 ;10944 ;409 ;579 ;10963 ;200 ;34 ;136 ;139 ;126 ;178 ;81 ;135 ;87 ;70 ;70 ;126 ;121 ;162 ;109 ;134 ;68 ;89 ;145 ;88 ;175 ;136 ;116 ;98 ;31 ;82 ;121 ;115 ;145 ;96 ;172 ;42 ;78 ;55 ;80 ;21 ;151 ;38 ;77 ;27 ;47 ;64 ;144 ;144 ;94 ;39 ;97 ;35 ;91 ;133 ;14 ;113 ;98 ;103 ;52 ;92 ;136 ;108 ;19 ;189 ;90 ;73 ;95 ;84 ;120 ;59 ;79 ;81 ;142 ;145 ;44 ;42 ;var;0,07220; 0,08568; 0,01829; 0,02407; 1,46328; 3,08637; 7,91136; 8,69787; 1,68374; 0,05872; 0,05872; 0,09146; 0,00963; 0,03081; 0,02407; 0,05872; 0,01733; 0,08857; 0,04525; 0,07605; 0,02407; 0,02984; 0,04428; 0,01155; 0,08760; 0,07028; 0,07605; 0,03369; 0,01829; 0,08664; 0,01829; 0,07894; 0,02599; 0,01444; 0,06065; 0,03851; 0,05102; 0,06257; 0,05102; 0,02407; 0,09434; 0,07605; 0,09146; 0,07413; 0,08760; 0,03081; 0,02599; 0,03562; 0,08087; 0,04043; 0,05391; 0,03658; 0,07701; 0,01251; 0,02214; 0,05776; 0,05199; 0,07124; 0,08472; 0,07798; 0,01540; 0,06643; 0,07316; 0,09146; 0,01733; 0,07701; 0,08568; 0,05391; 0,03081; 0,02407; 0,04621; 0,05776; 0,03562; 0,05584; 0,07413; 0,09049; 0,09627; 0,02599; 0,08375; 
36; 377,95500;eval;367,61000;471,90000;247,22000;445,27000;441,53000;294,20000;;data;83 ;53 ;9679 ;10944 ;409 ;579 ;10963 ;200 ;34 ;136 ;139 ;126 ;178 ;81 ;135 ;87 ;70 ;70 ;126 ;121 ;162 ;109 ;134 ;68 ;89 ;145 ;88 ;175 ;136 ;116 ;98 ;31 ;82 ;121 ;115 ;145 ;96 ;172 ;42 ;78 ;55 ;80 ;21 ;151 ;38 ;77 ;27 ;47 ;64 ;144 ;144 ;94 ;39 ;97 ;35 ;91 ;133 ;14 ;113 ;98 ;103 ;52 ;92 ;136 ;108 ;19 ;189 ;90 ;73 ;95 ;84 ;120 ;59 ;79 ;81 ;142 ;145 ;44 ;42 ;var;0,05921; 0,07026; 0,01500; 0,01974; 1,19989; 2,53083; 6,48731; 7,13225; 1,38067; 0,04815; 0,04815; 0,07499; 0,00789; 0,02526; 0,01974; 0,04815; 0,01421; 0,07263; 0,03710; 0,06236; 0,01974; 0,02447; 0,03631; 0,00947; 0,07184; 0,05763; 0,06236; 0,02763; 0,01500; 0,07105; 0,01500; 0,06473; 0,02131; 0,01184; 0,04973; 0,03158; 0,04184; 0,05131; 0,04184; 0,01974; 0,07736; 0,06236; 0,07499; 0,06078; 0,07184; 0,02526; 0,02131; 0,02921; 0,06631; 0,03315; 0,04421; 0,03000; 0,06315; 0,01026; 0,01816; 0,04736; 0,04263; 0,05842; 0,06947; 0,06394; 0,01263; 0,05447; 0,05999; 0,07499; 0,01421; 0,06315; 0,07026; 0,04421; 0,02526; 0,01974; 0,03789; 0,04736; 0,02921; 0,04579; 0,06078; 0,07420; 0,07894; 0,02131; 0,06868; 
37; 373,78333;eval;369,08000;429,58000;247,27000;438,97000;448,40000;309,40000;;data;83 ;53 ;9679 ;10944 ;409 ;577 ;10965 ;199 ;34 ;136 ;139 ;126 ;178 ;81 ;135 ;87 ;70 ;70 ;126 ;121 ;162 ;109 ;134 ;68 ;89 ;145 ;88 ;175 ;136 ;116 ;98 ;31 ;82 ;121 ;115 ;145 ;96 ;172 ;42 ;78 ;55 ;80 ;21 ;151 ;38 ;77 ;27 ;47 ;64 ;144 ;144 ;94 ;39 ;97 ;35 ;91 ;133 ;14 ;113 ;98 ;103 ;52 ;92 ;136 ;108 ;19 ;189 ;90 ;73 ;95 ;84 ;120 ;59 ;79 ;81 ;142 ;145 ;44 ;42 ;var;0,04855; 0,05761; 0,01230; 0,01618; 0,98391; 2,07528; 5,31960; 5,84845; 1,13215; 0,03949; 0,03949; 0,06149; 0,00647; 0,02071; 0,01618; 0,03949; 0,01165; 0,05955; 0,03042; 0,05114; 0,01618; 0,02007; 0,02978; 0,00777; 0,05891; 0,04725; 0,05114; 0,02266; 0,01230; 0,05826; 0,01230; 0,05308; 0,01748; 0,00971; 0,04078; 0,02589; 0,03431; 0,04208; 0,03431; 0,01618; 0,06344; 0,05114; 0,06149; 0,04984; 0,05891; 0,02071; 0,01748; 0,02395; 0,05437; 0,02719; 0,03625; 0,02460; 0,05178; 0,00842; 0,01489; 0,03884; 0,03495; 0,04790; 0,05696; 0,05243; 0,01036; 0,04466; 0,04920; 0,06149; 0,01165; 0,05178; 0,05761; 0,03625; 0,02071; 0,01618; 0,03107; 0,03884; 0,02395; 0,03754; 0,04984; 0,06085; 0,06473; 0,01748; 0,05632; 
38; 373,78333;eval;369,08000;429,58000;247,27000;438,97000;448,40000;309,40000;;data;83 ;53 ;9679 ;10944 ;409 ;577 ;10965 ;199 ;34 ;136 ;139 ;126 ;178 ;81 ;135 ;87 ;70 ;70 ;126 ;121 ;162 ;109 ;134 ;68 ;89 ;145 ;88 ;175 ;136 ;116 ;98 ;31 ;82 ;121 ;115 ;145 ;96 ;172 ;42 ;78 ;55 ;80 ;21 ;151 ;38 ;77 ;27 ;47 ;64 ;144 ;144 ;94 ;39 ;97 ;35 ;91 ;133 ;14 ;113 ;98 ;103 ;52 ;92 ;136 ;108 ;19 ;189 ;90 ;73 ;95 ;84 ;120 ;59 ;79 ;81 ;142 ;145 ;44 ;42 ;var;0,03981; 0,04724; 0,01009; 0,01327; 0,80681; 1,70173; 4,36207; 4,79573; 0,92836; 0,03238; 0,03238; 0,05043; 0,00531; 0,01699; 0,01327; 0,03238; 0,00955; 0,04883; 0,02495; 0,04193; 0,01327; 0,01645; 0,02442; 0,00637; 0,04830; 0,03875; 0,04193; 0,01858; 0,01009; 0,04777; 0,01009; 0,04353; 0,01433; 0,00796; 0,03344; 0,02123; 0,02813; 0,03450; 0,02813; 0,01327; 0,05202; 0,04193; 0,05043; 0,04087; 0,04830; 0,01699; 0,01433; 0,01964; 0,04459; 0,02229; 0,02972; 0,02017; 0,04246; 0,00690; 0,01221; 0,03185; 0,02866; 0,03928; 0,04671; 0,04299; 0,00849; 0,03662; 0,04034; 0,05043; 0,00955; 0,04246; 0,04724; 0,02972; 0,01699; 0,01327; 0,02548; 0,03185; 0,01964; 0,03079; 0,04087; 0,04989; 0,05308; 0,01433; 0,04618; 
39; 373,78333;eval;369,08000;429,58000;247,27000;438,97000;448,40000;309,40000;;data;83 ;53 ;9679 ;10944 ;409 ;577 ;10965 ;199 ;34 ;136 ;139 ;126 ;178 ;81 ;135 ;87 ;70 ;70 ;126 ;121 ;162 ;109 ;134 ;68 ;89 ;145 ;88 ;175 ;136 ;116 ;98 ;31 ;82 ;121 ;115 ;145 ;96 ;172 ;42 ;78 ;55 ;80 ;21 ;151 ;38 ;77 ;27 ;47 ;64 ;144 ;144 ;94 ;39 ;97 ;35 ;91 ;133 ;14 ;113 ;98 ;103 ;52 ;92 ;136 ;108 ;19 ;189 ;90 ;73 ;95 ;84 ;120 ;59 ;79 ;81 ;142 ;145 ;44 ;42 ;var;0,03264; 0,03874; 0,00827; 0,01088; 0,66158; 1,39542; 3,57690; 3,93250; 0,76125; 0,02655; 0,02655; 0,04135; 0,00435; 0,01393; 0,01088; 0,02655; 0,00783; 0,04004; 0,02046; 0,03438; 0,01088; 0,01349; 0,02002; 0,00522; 0,03961; 0,03177; 0,03438; 0,01523; 0,00827; 0,03917; 0,00827; 0,03569; 0,01175; 0,00653; 0,02742; 0,01741; 0,02307; 0,02829; 0,02307; 0,01088; 0,04265; 0,03438; 0,04135; 0,03351; 0,03961; 0,01393; 0,01175; 0,01610; 0,03656; 0,01828; 0,02437; 0,01654; 0,03482; 0,00566; 0,01001; 0,02612; 0,02350; 0,03221; 0,03830; 0,03526; 0,00696; 0,03003; 0,03308; 0,04135; 0,00783; 0,03482; 0,03874; 0,02437; 0,01393; 0,01088; 0,02089; 0,02612; 0,01610; 0,02524; 0,03351; 0,04091; 0,04353; 0,01175; 0,03787; 
40; 373,78333;eval;369,08000;429,58000;247,27000;438,97000;448,40000;309,40000;;data;83 ;53 ;9679 ;10944 ;409 ;577 ;10965 ;199 ;34 ;136 ;139 ;126 ;178 ;81 ;135 ;87 ;70 ;70 ;126 ;121 ;162 ;109 ;134 ;68 ;89 ;145 ;88 ;175 ;136 ;116 ;98 ;31 ;82 ;121 ;115 ;145 ;96 ;172 ;42 ;78 ;55 ;80 ;21 ;151 ;38 ;77 ;27 ;47 ;64 ;144 ;144 ;94 ;39 ;97 ;35 ;91 ;133 ;14 ;113 ;98 ;103 ;52 ;92 ;136 ;108 ;19 ;189 ;90 ;73 ;95 ;84 ;120 ;59 ;79 ;81 ;142 ;145 ;44 ;42 ;var;0,02677; 0,03176; 0,00678; 0,00892; 0,54250; 1,14424; 2,93306; 3,22465; 0,62423; 0,02177; 0,02177; 0,03391; 0,00357; 0,01142; 0,00892; 0,02177; 0,00642; 0,03284; 0,01677; 0,02820; 0,00892; 0,01106; 0,01642; 0,00428; 0,03248; 0,02605; 0,02820; 0,01249; 0,00678; 0,03212; 0,00678; 0,02927; 0,00964; 0,00535; 0,02249; 0,01428; 0,01892; 0,02320; 0,01892; 0,00892; 0,03498; 0,02820; 0,03391; 0,02748; 0,03248; 0,01142; 0,00964; 0,01321; 0,02998; 0,01499; 0,01999; 0,01356; 0,02855; 0,00464; 0,00821; 0,02141; 0,01927; 0,02641; 0,03141; 0,02891; 0,00571; 0,02463; 0,02712; 0,03391; 0,00642; 0,02855; 0,03176; 0,01999; 0,01142; 0,00892; 0,01713; 0,02141; 0,01321; 0,02070; 0,02748; 0,03355; 0,03569; 0,00964; 0,03105; 
41; 373,78333;eval;369,08000;429,58000;247,27000;438,97000;448,40000;309,40000;;data;83 ;53 ;9679 ;10944 ;409 ;577 ;10965 ;199 ;34 ;136 ;139 ;126 ;178 ;81 ;135 ;87 ;70 ;70 ;126 ;121 ;162 ;109 ;134 ;68 ;89 ;145 ;88 ;175 ;136 ;116 ;98 ;31 ;82 ;121 ;115 ;145 ;96 ;172 ;42 ;78 ;55 ;80 ;21 ;151 ;38 ;77 ;27 ;47 ;64 ;144 ;144 ;94 ;39 ;97 ;35 ;91 ;133 ;14 ;113 ;98 ;103 ;52 ;92 ;136 ;108 ;19 ;189 ;90 ;73 ;95 ;84 ;120 ;59 ;79 ;81 ;142 ;145 ;44 ;42 ;var;0,02195; 0,02605; 0,00556; 0,00732; 0,44485; 0,93828; 2,40511; 2,64421; 0,51187; 0,01785; 0,01785; 0,02780; 0,00293; 0,00937; 0,00732; 0,01785; 0,00527; 0,02693; 0,01376; 0,02312; 0,00732; 0,00907; 0,01346; 0,00351; 0,02663; 0,02136; 0,02312; 0,01024; 0,00556; 0,02634; 0,00556; 0,02400; 0,00790; 0,00439; 0,01844; 0,01171; 0,01551; 0,01902; 0,01551; 0,00732; 0,02868; 0,02312; 0,02780; 0,02254; 0,02663; 0,00937; 0,00790; 0,01083; 0,02458; 0,01229; 0,01639; 0,01112; 0,02341; 0,00380; 0,00673; 0,01756; 0,01580; 0,02166; 0,02575; 0,02371; 0,00468; 0,02019; 0,02224; 0,02780; 0,00527; 0,02341; 0,02605; 0,01639; 0,00937; 0,00732; 0,01405; 0,01756; 0,01083; 0,01697; 0,02254; 0,02751; 0,02927; 0,00790; 0,02546; 
42; 373,78333;eval;369,08000;429,58000;247,27000;438,97000;448,40000;309,40000;;data;83 ;53 ;9679 ;10944 ;409 ;577 ;10965 ;199 ;34 ;136 ;139 ;126 ;178 ;81 ;135 ;87 ;70 ;70 ;126 ;121 ;162 ;109 ;134 ;68 ;89 ;145 ;88 ;175 ;136 ;116 ;98 ;31 ;82 ;121 ;115 ;145 ;96 ;172 ;42 ;78 ;55 ;80 ;21 ;151 ;38 ;77 ;27 ;47 ;64 ;144 ;144 ;94 ;39 ;97 ;35 ;91 ;133 ;14 ;113 ;98 ;103 ;52 ;92 ;136 ;108 ;19 ;189 ;90 ;73 ;95 ;84 ;120 ;59 ;79 ;81 ;142 ;145 ;44 ;42 ;var;0,01800; 0,02136; 0,00456; 0,00600; 0,36478; 0,76939; 1,97219; 2,16825; 0,41973; 0,01464; 0,01464; 0,02280; 0,00240; 0,00768; 0,00600; 0,01464; 0,00432; 0,02208; 0,01128; 0,01896; 0,00600; 0,00744; 0,01104; 0,00288; 0,02184; 0,01752; 0,01896; 0,00840; 0,00456; 0,02160; 0,00456; 0,01968; 0,00648; 0,00360; 0,01512; 0,00960; 0,01272; 0,01560; 0,01272; 0,00600; 0,02352; 0,01896; 0,02280; 0,01848; 0,02184; 0,00768; 0,00648; 0,00888; 0,02016; 0,01008; 0,01344; 0,00912; 0,01920; 0,00312; 0,00552; 0,01440; 0,01296; 0,01776; 0,02112; 0,01944; 0,00384; 0,01656; 0,01824; 0,02280; 0,00432; 0,01920; 0,02136; 0,01344; 0,00768; 0,00600; 0,01152; 0,01440; 0,00888; 0,01392; 0,01848; 0,02256; 0,02400; 0,00648; 0,02088; 
43; 373,78333;eval;369,08000;429,58000;247,27000;438,97000;448,40000;309,40000;;data;83 ;53 ;9679 ;10944 ;409 ;577 ;10965 ;199 ;34 ;136 ;139 ;126 ;178 ;81 ;135 ;87 ;70 ;70 ;126 ;121 ;162 ;109 ;134 ;68 ;89 ;145 ;88 ;175 ;136 ;116 ;98 ;31 ;82 ;121 ;115 ;145 ;96 ;172 ;42 ;78 ;55 ;80 ;21 ;151 ;38 ;77 ;27 ;47 ;64 ;144 ;144 ;94 ;39 ;97 ;35 ;91 ;133 ;14 ;113 ;98 ;103 ;52 ;92 ;136 ;108 ;19 ;189 ;90 ;73 ;95 ;84 ;120 ;59 ;79 ;81 ;142 ;145 ;44 ;42 ;var;0,01476; 0,01751; 0,00374; 0,00492; 0,29912; 0,63090; 1,61719; 1,77797; 0,34418; 0,01200; 0,01200; 0,01869; 0,00197; 0,00630; 0,00492; 0,01200; 0,00354; 0,01810; 0,00925; 0,01555; 0,00492; 0,00610; 0,00905; 0,00236; 0,01791; 0,01437; 0,01555; 0,00689; 0,00374; 0,01771; 0,00374; 0,01614; 0,00531; 0,00295; 0,01240; 0,00787; 0,01043; 0,01279; 0,01043; 0,00492; 0,01929; 0,01555; 0,01869; 0,01515; 0,01791; 0,00630; 0,00531; 0,00728; 0,01653; 0,00827; 0,01102; 0,00748; 0,01574; 0,00256; 0,00453; 0,01181; 0,01063; 0,01456; 0,01732; 0,01594; 0,00315; 0,01358; 0,01496; 0,01869; 0,00354; 0,01574; 0,01751; 0,01102; 0,00630; 0,00492; 0,00945; 0,01181; 0,00728; 0,01141; 0,01515; 0,01850; 0,01968; 0,00531; 0,01712; 
44; 373,78333;eval;369,08000;429,58000;247,27000;438,97000;448,40000;309,40000;;data;83 ;53 ;9679 ;10944 ;409 ;577 ;10965 ;199 ;34 ;136 ;139 ;126 ;178 ;81 ;135 ;87 ;70 ;70 ;126 ;121 ;162 ;109 ;134 ;68 ;89 ;145 ;88 ;175 ;136 ;116 ;98 ;31 ;82 ;121 ;115 ;145 ;96 ;172 ;42 ;78 ;55 ;80 ;21 ;151 ;38 ;77 ;27 ;47 ;64 ;144 ;144 ;94 ;39 ;97 ;35 ;91 ;133 ;14 ;113 ;98 ;103 ;52 ;92 ;136 ;108 ;19 ;189 ;90 ;73 ;95 ;84 ;120 ;59 ;79 ;81 ;142 ;145 ;44 ;42 ;var;0,01210; 0,01436; 0,00307; 0,00403; 0,24527; 0,51734; 1,32610; 1,45793; 0,28223; 0,00984; 0,00984; 0,01533; 0,00161; 0,00516; 0,00403; 0,00984; 0,00290; 0,01485; 0,00758; 0,01275; 0,00403; 0,00500; 0,00742; 0,00194; 0,01468; 0,01178; 0,01275; 0,00565; 0,00307; 0,01452; 0,00307; 0,01323; 0,00436; 0,00242; 0,01017; 0,00645; 0,00855; 0,01049; 0,00855; 0,00403; 0,01581; 0,01275; 0,01533; 0,01243; 0,01468; 0,00516; 0,00436; 0,00597; 0,01355; 0,00678; 0,00904; 0,00613; 0,01291; 0,00210; 0,00371; 0,00968; 0,00871; 0,01194; 0,01420; 0,01307; 0,00258; 0,01113; 0,01226; 0,01533; 0,00290; 0,01291; 0,01436; 0,00904; 0,00516; 0,00403; 0,00775; 0,00968; 0,00597; 0,00936; 0,01243; 0,01517; 0,01614; 0,00436; 0,01404; 
45; 373,78333;eval;369,08000;429,58000;247,27000;438,97000;448,40000;309,40000;;data;83 ;53 ;9679 ;10944 ;409 ;577 ;10965 ;199 ;34 ;136 ;139 ;126 ;178 ;81 ;135 ;87 ;70 ;70 ;126 ;121 ;162 ;109 ;134 ;68 ;89 ;145 ;88 ;175 ;136 ;116 ;98 ;31 ;82 ;121 ;115 ;145 ;96 ;172 ;42 ;78 ;55 ;80 ;21 ;151 ;38 ;77 ;27 ;47 ;64 ;144 ;144 ;94 ;39 ;97 ;35 ;91 ;133 ;14 ;113 ;98 ;103 ;52 ;92 ;136 ;108 ;19 ;189 ;90 ;73 ;95 ;84 ;120 ;59 ;79 ;81 ;142 ;145 ;44 ;42 ;var;0,00992; 0,01178; 0,00251; 0,00331; 0,20113; 0,42422; 1,08740; 1,19551; 0,23143; 0,00807; 0,00807; 0,01257; 0,00132; 0,00423; 0,00331; 0,00807; 0,00238; 0,01217; 0,00622; 0,01045; 0,00331; 0,00410; 0,00609; 0,00159; 0,01204; 0,00966; 0,01045; 0,00463; 0,00251; 0,01191; 0,00251; 0,01085; 0,00357; 0,00198; 0,00834; 0,00529; 0,00701; 0,00860; 0,00701; 0,00331; 0,01297; 0,01045; 0,01257; 0,01019; 0,01204; 0,00423; 0,00357; 0,00490; 0,01111; 0,00556; 0,00741; 0,00503; 0,01059; 0,00172; 0,00304; 0,00794; 0,00715; 0,00979; 0,01164; 0,01072; 0,00212; 0,00913; 0,01006; 0,01257; 0,00238; 0,01059; 0,01178; 0,00741; 0,00423; 0,00331; 0,00635; 0,00794; 0,00490; 0,00767; 0,01019; 0,01244; 0,01323; 0,00357; 0,01151; 
46; 373,78333;eval;369,08000;429,58000;247,27000;438,97000;448,40000;309,40000;;data;83 ;53 ;9679 ;10944 ;409 ;577 ;10965 ;199 ;34 ;136 ;139 ;126 ;178 ;81 ;135 ;87 ;70 ;70 ;126 ;121 ;162 ;109 ;134 ;68 ;89 ;145 ;88 ;175 ;136 ;116 ;98 ;31 ;82 ;121 ;115 ;145 ;96 ;172 ;42 ;78 ;55 ;80 ;21 ;151 ;38 ;77 ;27 ;47 ;64 ;144 ;144 ;94 ;39 ;97 ;35 ;91 ;133 ;14 ;113 ;98 ;103 ;52 ;92 ;136 ;108 ;19 ;189 ;90 ;73 ;95 ;84 ;120 ;59 ;79 ;81 ;142 ;145 ;44 ;42 ;var;0,00814; 0,00966; 0,00206; 0,00271; 0,16492; 0,34786; 0,89167; 0,98031; 0,18977; 0,00662; 0,00662; 0,01031; 0,00109; 0,00347; 0,00271; 0,00662; 0,00195; 0,00998; 0,00510; 0,00857; 0,00271; 0,00336; 0,00499; 0,00130; 0,00987; 0,00792; 0,00857; 0,00380; 0,00206; 0,00977; 0,00206; 0,00890; 0,00293; 0,00163; 0,00684; 0,00434; 0,00575; 0,00705; 0,00575; 0,00271; 0,01063; 0,00857; 0,01031; 0,00835; 0,00987; 0,00347; 0,00293; 0,00401; 0,00911; 0,00456; 0,00608; 0,00412; 0,00868; 0,00141; 0,00250; 0,00651; 0,00586; 0,00803; 0,00955; 0,00879; 0,00174; 0,00749; 0,00825; 0,01031; 0,00195; 0,00868; 0,00966; 0,00608; 0,00347; 0,00271; 0,00521; 0,00651; 0,00401; 0,00629; 0,00835; 0,01020; 0,01085; 0,00293; 0,00944; 
